,IDS,sentence,paraphrase,quality
23019,23019,Watch Jon Stewart hilariously recount his vicious Twitter war with Donald Trump ,#JonStewart was once in a twitter war with @realdonaldtrump ,1
5050,5050,Bill Belichick is just llike us . He's unhappy when his tablet doesn't work . ,I love this description of Bill Belichick ,0
41813,41813,"Muslim student made up report of assault , robbery by man wearing ' Trump ' hat , police say ","student made up report of assault , robbery by man wearing ' Trump ' hat . Like I said ",1
23859,23859,The growing divide between red and blue America ,How Large Is the Divide Between Red and Blue America?,1
14533,14533,"ObamaCare premium hikes fuel Trump , GOP case in key swing states ",Newly announced double-digit premium hikes for those on the ObamaCare exchanges are handing Donald Trump a political weapon in key swing states where residents could be facing rate increases even higher than the national average.,1
42157,42157,"Trumps voters dont support deportation , and other surprises from the exit polls ",What makes William Saletan think Trump doesnt favor more liberal policies ? What evidence Trump is a conservative ? ,0
6223,6223,230 things Donald Trump has said and done that make him unfit to be president ,"Your pre-debate study guide . Final exam November 8 . Open-note , so no excuses . ",0
3905,3905,Come at me bro basically what the New York Times lawyer said to Donald Trump's lawyer today . ,"NYT wd defend any #libel suit claiming damage to Trump's reputation by asking "" What reputation ? ",0
27393,27393,"The majority of Trump supporters surveyed described black people as "" less evolved ",How Do Trump Supporters See Black People ? ,1
38083,38083,What will a Trump administration mean for the nation's public lands ? Hopes and fears abound . ,Obama should declare massive National Monuments everywhere ! Trump is gonne mess up 640 Million acres of public land ,0
38892,38892,Students at a Michigan middle school started chanting in the cafeteria Build the wall ,"Hate Crimes , Attacks , Racist Graffiti Surge After Trump Election @CNN ",0
44249,44249,Stephen Colbert and John Oliver talked about their anxiety over Donald Trump's election ,"This is good , worth a read . Wise words from Stephen Colbert & amp ; John Oliver on #Trump . ",0
39640,39640,"International students considering college in Donald Trumps U.S. are asking , "" Is it safe for me to come there ? ",Traffic on a University of Toronto website for international applicants surged the day after the election ,0
4257,4257,Check out the weekly round-up from the NPR Politics podcast . ,Here's the NPR Political Roundup podcast . But you'll need a strong stomach . Real Last Days Of The Republic stuff . ,1
11449,11449,"Putin cancels visit to France , Kremlin source says , after French President suggests Russia guilty of war crimes . ",Putin cancels France trip after Hollande's war crimes comments @CNN ,1
35152,35152,Vice President-elect @mike_pence arrives for meeting with Donald Trump at Trump Tower ,I love having the support of real billionaires . ,0
26773,26773,Some Florida parents plan to arm themselves while going trick-or-treating over clown concerns ,What lengths would you go to protect yourself from clowns ? Check out what these Florida parents planned . ,1
42852,42852,Her roommate supports Donald Trump . I had finally found the ' silent majority . ,"Do not let Trump supporters "" explain away "" the reasons for their support of a anti-muslim bigot ",0
7840,7840,Watch episode one of Trust Disrupted Bitcoin and the Blockchain ,If you are interested in blockchain tech then TechCrunch new series is one to watch . Follow @gamcrowd for more . ,0
42116,42116,"Obama imposed his own limits on power to fight terrorism . That gives Trump "" a fully loaded weapon , "" critic says . ","President Obama imposed self-constraints on his use of power in the war on terrorism, but his flexible approach gives Mr. Trump a fully loaded weapon, one critic said.",1
21926,21926,Nominate your choice for Angel Investor of the Year in the 10th Annual #Crunchies Awards ,Nominate your choice for VC of the Year in the 10th Annual #Crunchies Awards ,1
37742,37742,"Why I've spent the time since the election thinking about , of all people , Buddy Garrity ","Thanks @gmcguireinrome for sending me this thought provoking , spot on , article from @Slate ",0
34268,34268,The sacred land at the center of the Dakota pipeline dispute ,The sacred land at the heart of Dakota pipeline fight ,1
26507,26507,Watch Jon Stewart hilariously recount his vicious Twitter war with Donald Trump ,Lincoln used to get into this shit all the time Jon Stewart recounts his Twitter war with Donald Trump ,1
32062,32062,"Trump has "" almost certainly "" lost Nevada amid surge of Latino votes in key states ",Almost Lost Nevada Amid Surge Of Latino Votes . ,1
33556,33556,"CBC threatens podcast app makers , argues that RSS readers violate copyright ",if @CBC is truly sending C&D's over its podcasts it would be great to hear from an actual app dev w/ a letter . ,0
11528,11528,Im the last thing standing between you and the apocalypse ,On orange rolling I cant wait to read four paragraphs of this stupidity in your magazine story . ,0
15380,15380,"Man says Chipotle fired him for refusing to participate in its "" shady practices ",Don't work fast food . Don't work fast food . Repeat Lessons One and Two . ,0
37431,37431,In case what you're really looking for is a story about a lost dog in Brooklyn ,In the good news department a story of community and a super cute dog . ,0
24610,24610,This is Celia Underestimate her at your risk . ,"The 57,000-member Culinary Union, which is 56 percent Latino and includes guest room attendants, is a powerful supporter of Nevada Democrats.",0
19740,19740,We need to clean this up Clinton aide cried foul on Obama's email denial ,Know what's scarier ? and media that lies to Americans . ,0
23048,23048,"The latest U.S. and swing state polls , updated ",the #NewYork #Times get the latest #National and #State polls on ,0
31650,31650,With Trump's win Silicon Valley investors start losing their damn minds ,in the meantime SV investors think about secession . They really don't get it ,0
45210,45210,The real problem with power posing ? It assumes alpha male confidence is worth mimicking ,Good illustration of the difference between #Science & amp ,0
5204,5204,"Watch Barack Obama's masterful Donald Trump "" rigging "" takedown ","Watch Barack Obamas masterful Bigoted Sexist Lying @realDonaldTrump "" Rigging "" takedown ",1
10532,10532,Coke and Pepsi have given millions to public health groups while simultaneously lobbying against soda legislations ,"Coke and Pepsi Give Millions to Public Health, Then Lobby Against It",1
44567,44567,Father of officer gunned down in Dallas sniper attack sues Black Lives Matter ,Father of an officer gunned down in Dallas sniper attack sues Black Lives Matter ,1
36771,36771,President-elect Trump willing to keep parts of ObamaCare ,Don't do it ! Here we go . All of it . You must remove the entire weed ! ,0
34671,34671,Watch Intel drones light up the sky like fireworks at Disney Springs ,Intel and Disney paint thesky with colorful drones ,1
8280,8280,"Samsung to ask all carrier and retail partners to stop Galaxy Note7 sales , exchanges following more reports of fires ",Samsung Asks All Global Partners to Stop Sales and Exchanges of Galaxy Note7 While Further Investigation Takes Place ,1
34562,34562,The @frugaltraveler takes on Brooklyn and finds its essence . ,Latest news update from Luisa Florez . Want the Real Brooklyn ? ,0
10886,10886,"I was having an existential crisis . Abby Wambach , retired U.S. soccer star , reflects on her addiction . ",Retired U.S. Soccer Star Abby Wambach speaks on her struggles with addiction ,1
14779,14779,Steel ladder to connect cliff-top Chinese village with the outside world ,"Steel ladder to connect cliff-top Chinese village with outside world The ultimate "" when I was your age "" story . ",1
17270,17270,2016 Proposition Song ! From @nprpolitics podcast ,this may help your students to learn the CA Ballot Props . 2016 Proposition Song ,0
3243,3243,"US President Obama lifts ban on import of Cuban products including rum , cigars and pharmaceuticals ","Obama lifts all restrictions on Cuban rum , cigars ",1
8649,8649,Former Apprentice contestant Summer Zervos says Donald Trump sexually harassed her ,Latest on #Trump denying he ever met Summer Zervos at a hotel or greeted her inappropriately a decade ago ,0
10277,10277,This is how much Instagram fashion bloggers get paid per post . ,Instagram #fashion bloggers are getting paid how much ? ,1
24192,24192,Donald Trump's wild misrepresentation of President Obama's response to a protester ,Way @BarackObama handled protester vs . Reno mob at Trump rally says lots about leadership #p2 #UniteBlue #mepolitics ht ,0
32665,32665,"The Justice Department has a warrant to review emails of Huma Abedin , a top Hillary Clinton aide ",DOJ Obtains Warrant to Review Clinton Aides Emails actions were seditious and should be prosecuted . ,0
41091,41091,"Obama , With Angela Merkel in Berlin , Assails Spread of Fake News ",Savor every word BECAUSE it's all emotion driven and simple minded simple sentence outbursts of bullshit for the . ,0
22996,22996,"How Nietzsche got so wildly distorted by True Detective , Kanye , and more ",How Nietzsche Became the Most Absurdly Bastardized Philosopher in Hollywood ,1
2105,2105,The incomplete list of Bob Dylan songs that changed the course of history ,Bob Dylan songs that changed the course of history . What would you add ? ,1
1142,1142,Being Muslim American in the year of Donald Trump ,Being Muslim American in the year of Trump ,1
44222,44222,These are the counties that flipped from voting for Obama in 2012 to Trump in 2016 ,"What changed , and who flipped , from the 2012 to 2016 election ? ",0
18036,18036,"Trump , aka "" the other Donald Trump , "" says he'll be voting for Hillary Clinton ",How toxic is @realDonaldTrump ? Even Donald Trump isnt supporting him . ,1
15813,15813,"Comeys review of emails related to Clinton server triggered by NY agents , source says ","FBI Director James Comeys decision to revisit the Hillary Clinton email-private server case was triggered by the discovery of Clinton-related emails in a separate sexting investigation involving ex-New York Democratic Rep. Anthony Weiner, a government source told Fox News on Sunday.",1
22629,22629,Clinton lectured State Dept . staff on cybersecurity in 2010 video ,"Yeh , like the one of Hillary lecturing SD staff on cyber security . ",0
26574,26574,Welcome to an unprecedented Election Day experiment . Slate and @VoteCastr are publishing turnout estimates all day ,Real time election projection by @Slate @Votecastr good decision and interesting journalistic experiment . ,1
29181,29181,"Body on site where Anderson County , SC , woman found chained identified as Charlie Carver ","Kohlhepp confesses to 2003 Superbike murders , shows investigators 2 gravesites on property ",0
535,535,ShotTracker raises $5M in seed funding from Magic Johnson to bring real-time analytics to NBA teams ,"WebGA , Elysian Park , Greycroft , others ",0
18550,18550,What we know about Hillary Clintons private email server ,"5/2015 The State Department begins releasing several thousand pages of her emails , many of them partly redacted . ",0
13159,13159,People in careers like teaching can end up with retirement plans that whittle away their savings with excessive fees ,Workers including educators need defined benefit pensions-not TDA's that have excessive fees to Wall Street ,0
8284,8284,"Samsung to ask all carrier and retail partners to stop Galaxy Note7 sales , exchanges following more reports of fires ",Samsung Will Ask All Global Partners to Stop Sales and Exchanges of Galaxy Note7 While Further Investigation Takes Place,1
9247,9247,Laying bare the suffering in Western Haiti in the aftermath of Hurricane Matthew ,These photos and maps reveal #HurricaneMatthews brutal aftermath in Haiti . ,1
23995,23995,America will no longer settle for anything less than the best ,Did this guy hire a good PR Officer ? ,0
33174,33174,"Clinton concession speech expected soon , you can watch here ","Remember when Hillary caused Gaddafi to be sodomised ? she said when the "" deplorables "" sodomised her ! ",0
46454,46454,Philippine President Rodrigo Duterte says he may follow Russia's step to withdraw from the ICC ,Philippine President Rodrigo Duterte says he may follow Russia's step to withdraw from International Criminal Court ,1
16110,16110,"Weebly hacked , 43 million credentials stolen ",43m Weebly and 22m Foursquare accounts stolen ,1
26427,26427,It sure sounds like Pope Francis doesnt think Americans should vote for Trump ,It sure sounds like Pope Francis doesn't like Trump ,1
45198,45198,Today's additions to the Trump administration Sen. Jeff Sessions Michael Flynn Rep. Mike Pompeo ,Other big news to be aware of ,0
1914,1914,Apple may ditch traditional USB ports on the MacBook Pro ,"First the headphone jack on the iphone , now the USB port on the MacBook . ",1
7180,7180,The panel debates the biggest stories of the week on the latest @EngadgetPodcast ,"Who's ready for Ghost House ? Watch it this Wednesday . Be a part of $ 40,000 in giveaways ! ",0
7123,7123,The day a college football player stood alone to honor America ,Props to Connor Brewer for doing the right thing . Shame on @MillikinU and it's president Patrick White . ,0
20656,20656,I feel a close kinship with trees US man dressed as tree arrested for obstructing traffic ,Tree guy ' arrested for obstructing traffic ,1
22379,22379,This week on the @EngadgetPodcast the panel debate Amazons ISP venture and Julian Assange ,DK Trivedi Commision gave CLEAN CHIT to innocent Asaram Bapu Ji ,0
347,347,Hacked email appears to show Donna Brazile fed Clinton campaign a town hall question ,The amount of corruption in the #DNC2016 is hilarity at this point ,0
33419,33419,We're going to build a wall . Who's paying for it ? ,Dear trump DONT come into my STATE and say that shit oh no no trump Mexicans wont build that stoopid ass wall ,0
11136,11136,Donald Trump may again make Bill Clintons past a centerpiece of his case against Hillary Clinton in the debate ,"I will look at it at the time . Such a nasty woman . What just happened , w/ @alexburnsNYT ",0
24095,24095,MONSTER OF A WALL German city builds barrier to stop flood of refugees ,German crews build barrier higher than Berlin Wall to separate town from muslims refugee wave ,1
11993,11993,"Americans uneasy with IoT devices like those used in Dyn DDoS attack , surv . ","A coordinated botnet attack effectively choked internet access to a large number of popular sites last week, and the attack itself was made possible in large..",0
23354,23354,"Donald Trumps income isnt always what he says it is , records suggest ","Income Isnt Always What He Says It Is , Records Suggesthe's not as rich as he says ",1
44691,44691,The Democrats dont need to cooperate with Donald Trump . They need Keith Ellison ,"It doesn't cover all the reasons , but nonetheless a great rundown of why Keith Ellison should be DNC chair ",0
40250,40250,The glaring contradiction at the heart of Donald Trumps economic policy ,"None of this is to say that these tensions are unsolvable , or that Mr. Trump wont overcome his lack of a policy . ",0
10225,10225,How Facebook helped drive a voter registration surge ,"Facebook Helped Drive a Voter Registration Surge , Election Officials Say A positive impact . ",1
5624,5624,The 2016 Nobel Prize for Literature goes to American singer-songwriter Bob Dylan ,Bob Dylan wins a Nobel Prize for literature . ,1
731,731,Billionaire tech investors support divisive plan to ban San Francisco's homeless camps ,"I do not know the solution to homelessness , but my industry's attempts certainly make us look like the ",0
35474,35474,"Court blocks release of Brendan Dassey , seen in "" Making a Murderer "" series ",Court blocks release of ' Making a Murderer's ' Brendan Dassey ,1
29213,29213,Would you pay $100 for a whiff of Welsh air ? ,"If they could they'd privatize the air . Ahem , they did ! ",0
9596,9596,"Celebrate Hamilton Day , an even better math holiday than Pi Day ","Move Over Pi Day . Hamilton Day , on Oct . 16 , Is a Better Mathematical Holiday ",1
30428,30428,Donald Trump holds rally in Nevada . ,CNNgo - CNN.com,0
31133,31133,"Comey said the FBI had been working to "" process and review "" emails since his letter to Congress last month . ",Comey the damage is done brother ! Not sure how you'll reverse that . ,0
105,105,Donald Trump on his accuser Take a look at her . I don't think so ,Misogynist #Trump on accuser Take a look at her . I don't think so ' @CNNPolitics ,1
7911,7911,Samsung kills the Galaxy Note 7 for good ,#Samsung is permanently discontinuing production and sales of the #GalaxyNote7 smartphone ,1
26902,26902,Trump is appealing a court order against voter intimidation . Let that sink in . ,"Y'all , the court ordered @realDonaldTrump to not intimidate voters AND HE APPEALED IT . ",0
34156,34156,Donald Trump says the Patriots ' Tom Brady and coach Bill Belichick are supporting him ,"Trump says Patriots' Tom Brady, Bill Belichick supporting him"" property",1
512,512,Early voting could hand the election to Hillary Clinton well before November 8 ,Early Voting Could Hand Election to Hillary Clinton Well Before Nov . ,1
1749,1749,What Ken Bones porn preferences tell us about internet privacy today ,"Internet no good at differentiating re truly famous people , temporarily famous people , and fame-adjacent people ",0
12024,12024,Weed on-demand startup Eaze inhales $13 million in funding to grow into new markets ,"Eaze , new weed delivery starts up ! ",1
25076,25076,Iraqi troops have begun to liberate eastern Mosul neighborhoods ,ISIS making 9 year old boys fight for them in #Mosul Obama envision this ? ,0
31104,31104,"As the 2016 US election campaign ends , follow latest #ElectionNight updates here ","World leaders , including UK PM Theresa May and Indian PM Narendra Modi , congratulate Donald Trump on his victory ",0
36016,36016,WHY WASN'T I NOTIFIED' ? Mom sues after daughter got secret sex change ,"your headline says sex change was for woman's daughter , but it was her son . via the @FoxNews Android app ",0
10834,10834,"Rejecting Trump isnt enough . Trumpism could return , with a savvier frontman . ",Re-upping this excellent @DLeonhardt piece . Have been thinking about it nonstop . The Fight of Our Times ,0
34117,34117,Huma Abedin continues to lay low in the wake of the FBI's announcement ,"Huma Abedin, Hillary Clinton's longtime -- and arguably closest -- aide, has stepped off the campaign trail in the wake of the FBI's announcement last week that it was investigating thousands of emails found on a laptop shared by her and her estranged husband, Anthony Weiner."" property",1
9010,9010,"Exclusive to CNN , President Obama's mission to Mars We can reach beyond earth's orbit ","Journey to Mars will make our lives better here on Earth , @POTUS tells @CNN ",1
31973,31973,"Bill Baroni ignored increasingly agitated messages from the Fort Lee mayor about "" an urgent matter of public safety ","2 Ex-Christie Allies Are Convicted in George Washington Bridge Case Throw aides under bus , then run & amp ; hide ",0
15454,15454,Donald Trump threatens legal action against NBC over the leaked 2005 ' Access Hollywood ' tape ,"Trump threatens NBC over his self-described "" locker room talk "" hmmm ",1
12011,12011,Singapore to trial driverless buses after successful shuttle pilot ,Singapore moves ahead with autonomous bus trial ,1
1071,1071,A tear for a clown Ronald McDonald to limit appearances after clown scares ,Ronald McDonald to limit appearances in light of clown scares ,1
18019,18019,"FBI chief may have broken law , says top Democrat ","FBI chief ' may have broken Hatch Act law reportedly 650,000 emails to search through a morning job GCHQ ? ",1
8933,8933,A Minnesota city responds after a black man was arrested by a white police officer for walking in the street ,"Black Man Is Arrested While Walking, and Minnesota City Starts a Conversation",1
11842,11842,You are fascinated with sex and you don't care about public policy . ,Newt Gingrich and Megyn Kelly Get Into Bizarre Exchange on Live TV,0
35679,35679,"Sharon Jones , the lead singer with the band Dap-Kings , has died at the age of 60 ",Soul singer Sharon Jones dead at 60 oh how fortunate I was to see you share your gift live ! ,1
34954,34954,"During the Berlusconi years , Italy was a laughingstock . Now its America's turn . ",I keep finding myself going back to these pieces by Beppe Servergnini+Luigi Zingale ,0
45406,45406,"Trump named directors of his "" blind trust "" to White House transition team ",During the presidential campaign Donald Trump deflected questions about how he'd handle conflicts of interest as president&mdash;many of his business endeavo ...,0
23476,23476,"Want to change your early or absentee vote ? In some states , you can ","In some states , you really can vote twice or even three times and its legal . Be Sociable , Share ",1
16370,16370,Donald Trump says he'll sue his sexual misconduct accusers ,TEST Trump says he'll sue sexual misconduct accusers ,1
38255,38255,"Canceled classes , a cry-in and more College campuses reel from Trump win ",Our veterans even keep these pussies safe . ,0
15043,15043,"Hillary Clinton in Raleigh , NC I want to give Donald Trump "" a chance to pay more taxes . ","Get the latest political coverage of the 2016 presidential candidates and elections. Get updates on republican and democratic candidates, polls and more at ABC News.",0
25532,25532,Chelsea Manning tried to commit suicide for the second time in October ,Chelsea Manning Tried to Commit Suicide a Second Time ,1
23767,23767,"Anthony's gravestone , covered in "" I Voted "" stickers ","Voters at Susan B . Anthonys Grave place "" I Voted "" stickers . ",1
44908,44908,Samsung to Buy Harman International in an $8 Billion Bet on Cars ,"Samsung buying Harman International Industries , an American automotive technology company . ",1
34225,34225,It really is unacceptable and insane that Trump got away with not releasing his taxes ,It really is unacceptable insane that Trump got away with not releasing his taxes ! He's got away with SO much ! ,1
11758,11758,"Some Koreans dont wait to die to find out what their funeral will be like , from the inside . ",Ever wonder what it would be like to be at your own funeral ? Some South Koreans aren't waiting to die to find . ,1
29207,29207,"ABC News staged crime-scene shot with police tape , photograph shows ",New standard in our American news . #abc is gonna tell on #cnn now . ABC News staged crime-scene shot ,1
27249,27249,Toronto Star compiles list of almost 500 Trump lies during the campaign ,Canadian Newspaper Compiles List of Almost 500 Trump Lies During Campaign,1
76,76,Wall Street dealmaker says professor took him for a ride ,Another #forgery case . Wall St Dealmaker suing former professor who he says sold him fake paintings . ,1
28127,28127,This is the moment where America stands up for our best selves . ,Trump accuser Jessica Leeds sits down with CNN's @andersoncooper . Watch CNN and @CNNgo ,0
45492,45492,doesn't this mean democrats should be obstructionists who encourage borderline insurrection ? ,Jeezus fair is fair . Okay so where are the #MonkeyMelania pictures ? Fair IS fair right ? ,0
7727,7727,"Emails reveal Clinton camps scramble to craft , defend server story ",HARD-DRIVING PLAN WikiLeaks emails Clinton team crafted server story ,1
24157,24157,On the Ground A Mysterious Noseless Bust at Tufts Gets Back Its Name ,John Brown in Marble . His nose restored . ,0
44155,44155,"Trump is considering a "" special session "" to repeal Obamacare on Inauguration Day ","Conway: Trump considering 'special session' to repeal Obamacare on Inauguration Day"" property",1
18979,18979,WikiLeaks has made a Clinton insider into something of a cult hero among Trump supporters ,None of us doubt that the NYT is solidly in the tank for Hillary Clinton . And if we examine the reporters Steve . ,0
3068,3068,WikiLeaks releases apparent transcripts of 3 Clinton speeches to Goldman Sachs . ,WikiLeaks releases transcripts of Clinton Goldman Sachs speeches @CNNPolitics ,1
10140,10140,Mike Pence at site of the firebombed NC GOP office This was an act of political terrorism ,"Local GOP office in North Carolina firebombed A GOP office in Hillsborough , North Carolina , was firebombed over ",0
19111,19111,Peter Thiel defends his most contrarian move yet supporting Donald Trump ,Much respect / Peter Thiel Defends His Most Contrarian Move Yet ,1
21439,21439,"We're going to have a wall , but it's going to have a big beautiful door ",The Latest From The 2016 Campaign Trail ,0
782,782,"Federal judge excoriates Floridas "" obscene "" "" undeclared war "" on voting rights . ","Here is the "" rigged "" system the Republicans are speaking about and they have been at it for years . ",0
33327,33327,Hillary Clinton on email probe There is no case here . ,"The most unpredictable, dumbfounding and just plain nasty presidential campaign in modern times is heading into its final full week."" property",0
8424,8424,Check out a teaser for episode 6 of #TrustDisrupted and watch full episodes here ,"Bitcoin and the Blockchain traces the rise of Bitcoin and the open, distributed ledger known as the blockchain.",0
46197,46197,the southern poverty law center is going to be invaluable for the next four years ,More than 200 hate incidents have been reported across the country since Donald Trump's election . ,0
25896,25896,On this one thing Donald Trump is right The Democratic Party has taken black Americans for granted . ,Part of a emerging backlash to privileging of white working class concerns & amp ; how they are prioritized ,0
38959,38959,"As ratings plummet , the NFL considers reducing ads and the length of games ","As Ratings Plummet , N.F.L. Considers Reducing Ads and Length of Games If players respect America then we'll tune in ",1
36099,36099,"If he's AG , Sessions will be responsible for overseeing the Voting Rights Act . ","As William Faulkner said , "" The past isn't dead . It isn't even past . Too bad Trump doesn't read books by Faulkner or ",0
16487,16487,The UN says it is gravely worried that ISIS is using 550 families as human shields in Mosul . ,UN worried ISIS is using human shields in Mosul ,1
14119,14119,Donald Trump has a 2-point edge in a new Florida poll ,Trump leads Clinton in new Florida poll Donald Trump has a 2 percentage point edge over Hillary Clinton in ,1
2710,2710,"Three men arrested , charged with plotting to bomb a mosque and apartment complex in Kansas , DOJ says . ","Attack on Kansas mosque thwarted , feds say Three men have been arrested and charged with plotting to bomb a m . ",1
12226,12226,"When you're Asian , sometimes to other people you're just Jackie Chan or Yao Ming or Jeremy Lin ","100% what it was like growing up as an Asian American , fantastic article by @andrewkeh ",0
11536,11536,Donald Trump has set a time bomb for racial violence on Election Day ,Donald Trump Is Setting a Time Bomb for Racial Violence on Election Day ,1
3359,3359,"Chicago Cubs , with a 4-run 9th inning , edge Giants 6-5 , advance to NL Championship Series ","Congrats to the Cubs ! Unbelievable game last night . The NLCS starts on Saturday ? Who do you want to face , the . ",0
45672,45672,Bob Dylan won't attend the Nobel ceremony next month to accept the Nobel Prize in Literature ,Bob Dylan won the Nobel peace prize for Literature . but wont be there to accept the award ? Due to prior . ,1
5375,5375,Pentagon confronts a new threat from ISIS ,"Terror , Tech , & amp ; Innovation . Story on ISIS & amp ; Exploding Drones Highlights Forthcoming CTC Report ",0
23841,23841,The Times obtained documents showing that Donald Trump used a legally dubious tax avoidance maneuver ,"After his lawyers advised against it , Trump used a "" legally dubious "" strategy to avoid paying taxes for years . ",1
38732,38732,"Georgia Muslim teacher left note , telling her to hang herself with her headscarf . ",Muslim metro Atlanta teacher told to hang herself with headscarf ,1
7363,7363,"WikiLeaks posts an additional 2,000 emails that appear to be from the account of John Podesta ","a frog and Infowars , I can hardly wait . Although I bashed MSM earlier , here's a goodie from CNN ",0
22557,22557,Ex-California state senator gets prison for taking bribes ,Ex-CA state senator gets prison for taking bribes @KellyannePolls so it means Hillary was taking bribes as Sec of St ,1
32886,32886,NASA wants you to see this video of the Arctic ice disappearing ,1984-2016 NASA wants us to see as #SeaIce vanishes in the #Arctic @CNN ,0
34548,34548,Hes got to get control of the ship again How tensions at FBI will persist after the election ,Hes got to get control of the ship again Tensions at the #FBI after the election . ,1
30720,30720,"Bribes , a sex tape and a $500 million fine how a British firm's chronic corruption placed it in China's cross hairs ",Drug Giant Faced a Reckoning as China Took Aim at Bribery ,1
18932,18932,Uber's Otto self-driving truck delivers its first payload ,Uber's self-driving truck delivers its first precious cargo Ain't technology wonderful ? ,1
1971,1971,Black is not a weapon Celebrities star in stunning PSA against police brutality ,Black is not a weapon ' Celebrities in PSA against police brutality ,1
30357,30357,The earth has lost more than half its animals since 1970 ,It is now or never for us to save the rest from being lost forever . ,0
41232,41232,This security camera was infected by malware in 98 seconds after it was plugged in ,Heres an object lesson on the poor state of the so-called Internet of Things Robert Stephens plugged a . ,0
46306,46306,The Donald Trump who won this campaign is far scarier than the one who began it ,"As I go to bed early Wednesday morning, I understand that my relationship to my government has changed. There have been presidents I didn&rsquo;t like, even  ...",0
32034,32034,"Voters in California , Massachusetts and Nevada approved recreational marijuana ","Recreational use of marijuana is now legalized in not one , not two , but three more states . ",1
42707,42707,"Trumps voters dont support deportation , and other surprises from the exit polls ","Trumps Voters Dont Support Deportation , and Other Surprises From the 2016 Exit Polls ",1
825,825,Go back to China Asian-Americans recall racist encounters ,"This , sadly , is a must-see for everybody . ",0
8133,8133,Fashion becomes a victim of its own oversharing ,"Great read by @VVFriedman in @nytimes today , gives pause for thought Fashion Becomes Victim of Its Own Oversharing ",1
6864,6864,Wonder Woman is now a UN Honorary Ambassador for the Empowerment of Woman and Girls ,Wonder Woman to become UN women's champion - BBC News,1
4718,4718,Watch SNL abandon their VP debate sketch to address the Trump pussy-grabbing fiasco ,Watch Saturday Night Live Address Trumps Pussy-Grabbing Fiasco ,1
39292,39292,"Energized By Trump's Win , White Nationalists Gather To ' Change The World ",Stand up to Trumps Sons Of Klanarchy ,0
9990,9990,"Former pro cyclist @millarmind on how T.U.E. "" doctor's notes "" give athletes license to dope ","The TUE issue is still a hot topic , and David Millar has added his own personal experiences to the discussion . ",0
20459,20459,Joe Biden on Anthony Weiner I'm not a big fan . ,"some people voting for PERVERT DEMOCRATS Look at girl's mom's "" reluctant acceptance ",0
36342,36342,Five industries that should take a cue from Netflix and crowdsource parts of its tech ,CTO @gnived on the 5 industries that should #crowdsource #tech like @Netflix ,1
3487,3487,What Ken Bones porn preferences tell us about internet privacy today ,"Ken Bone&mdash;undecided voter, red sweater aficionado, star of the second presidential debate&mdash;likes pregnancy porn. He also thinks the killing of Trayvon Ma ...",1
35644,35644,New Zealand national monitor Geonet says 45 aftershocks felt following magnitude- 7.8 earthquake ,"First video footage of the earthquake striking New Zealand by Stay safe , friends ! ",0
37359,37359,"As President Obama exits the world stage , Angela Merkel may be liberal West's last defender ","As Obama Exits World Stage , Angela Merkel May Be the Liberal Wests Last Defender ",1
37186,37186,"Pioneering woman Chinese fighter pilot Yu Xu killed in an accident , according to Chinese state-run media . ","Horrific crash kills 1st woman to fly China's J-10 fighter"" property",1
38206,38206,"Meet the new Trump , same as the old Trump @AshleyRParker and me ",It's going to be a weird change having a president who actually likes politicking @realDonaldTrump ,0
37766,37766,The 11 most soothing Joe Biden memes for a post-election America ,"The 11 best Joe Biden memes as America says bye to its Uncle-in-Chief"" property",1
30004,30004,Huma Abedin appears to be laying low in the wake of the FBI's announcement ,Huma Abadin Lies Low After Email Scandal ,1
15528,15528,Chinas Antigraft Enforcers Take On a New Role ,"China's anti-corruption investigators expand into conducting "" political health checks , "" reports @ChuBailiang ",0
15475,15475,"Even before "" Moonlight "" and "" Luke Cage , "" you've surely seen his face . ",I didnt have one black male professor or teacher my entire life . ,0
15240,15240,"Teaching seventh graders in a "" total mess "" of an election season ","A 7th-grade teacher says he cannot cover all of the election in class because it's too vile "" . ",0
36656,36656,More Americans voted for Hillary Clinton than Donald Trump ,Democracy US style . rule of the majority tempered with equity principle among states as they are federal . ,0
33246,33246,"They vote , and they are heavily armed ","Their America is one where Christianity is taught in schools , abortion is illegal and immigrants hail from Europe . ",0
10226,10226,How Facebook helped drive a voter registration surge ,Facebook's influence on the election vis-a-vis boosting registration is important and fascinating ,1
20603,20603,Microsoft's big-screen Surface Studio is an engineering marvel ,"The Surface Studio is a beautiful and impressive computer, but It'll take you a while to figure out how to best use it.",0
38763,38763,An incomplete list of racist incidents since Donald Trump was elected president ,Seems like you should be mad at the trump supporters . Failed Propaganda vs . ,0
23536,23536,"A Trump win would cause immediate stock drop , according to Citigroup ",Need another reason to VOTE Protect Your 401K Citigroup Trump win would cause immediate stock drop ,0
10167,10167,Batman rescues kids and adults from creepy clowns ,Props to Batman for taking a quick vaca from #NYC to save the UK from creepy-ass clowns . ,1
16681,16681,Emails show Clinton campaign sought to ' bern ' Sanders with poolside pic ,Emails show @HillaryClinton campaign sought to ' bern ' Sanders with poolside pic ,1
44386,44386,This man saved 70 people from ISIS snipers by driving them to safety in his bulletproof BMW ,"Peshmerga fighter Ako Abdulrahman saved 70 people from ISIS snipers in Kirkuk by driving them to safety in his bulletproof BMW."" property",1
4899,4899,Your surgeon is probably a Republican . Your psychiatrist probably isn't . ,Two thirds of anaesthesiologists are Republicans ! I thought that would only apply to orthopods . ,0
37316,37316,The grownups are in charge . The adults are back in the White House . ,The Adults Are Back in the White House Praises Trump's Admin Picks @ffweekend @HuntsmanAbby @edhenry ,1
3350,3350,There is a 19-year-old black man in Illinois who has no idea of the role he is playing in this election ,This is fascinating and hilarious . How One 19-Year-Old Black Man in Illinois is Distorting National Polling Averages ,1
31034,31034,"Melania Trump campaigning for anti-bullying is "" hypocrisy ",campaigning for anti-bullying is ' hypocrisy ' @CNNPolitics ,1
39828,39828,Donald Trump and Vladimir Putin spoke by phone on Monday about the future of US-Russia ties ,"Trump , Putin talk about US-Russia ties @CNNPolitics ",1
9679,9679,This French Instagram profile is not what you think it is ,This Instagram profile is not what you think it is lt ; Outstanding use of Instagram to show a common problem ,1
7031,7031,"Bob Dylan is a century-defining artist , but he shouldnt have gotten the Nobel ","Bob Dylan Is a Genius of Almost Unparalleled Influence , but He Shouldnt Have Gotten #NobelPrize -Stephen Metcalf ",1
22308,22308,"Atlanta "" is one of the best cast and most brightly acted shows on TV , says @wesley_morris . ","Still my favorite new show this season . Writing , directing and acting is seemless and amazingly funny/ironic . ",0
31662,31662,"All of your Election Day FAQs , answered ",Everything you didn't know you didn't know about elections ,1
19934,19934,Terminally ill mom denied treatment coverage but gets suicide drug approved ,"Welcome to #Obamacare ! Terminally ill mom denied treatment coverage , gets suicide drug approved ",1
4563,4563,Are we entering a new Cold War ? ,and #West Where did it all go wrong ,0
14169,14169,"Months later , we take look at what's happened since 2 men clashed after a Donald Trump rally ",Excellent piece about hatred on BOTH sides Not a Regular Day What Trump Rally Clash Reveals About Divided Nation ,0
6215,6215,"adds support to countries which place a "" sugar tax "" on soft drinks ",Tax on sugary foods and drinks backed by World Health Organisation - BBC News,0
34832,34832,Why we can't know whether Facebook is to blame for Trump's win ,Why We Cant Know Whether Facebook Is to Blame for Trumps Election ,1
16388,16388,"Four generations of his family lived by the lake in a thriving community . But gradually , the desert has taken over . ","One recent estimate said China had 21,000 square miles more desert than what existed in 1975 about the size of . ",0
36850,36850,"Watch Kate McKinnon perform Leonard Cohens "" Hallelujah "" on Saturday Night Live ","But baby been here before I've seen this room and I've walked this floor You know , I used to live alone . ",0
34436,34436,Jay Z and Beyonc join Hillary Clinton in Cleveland . Highlights of the Friday before the election ,Presidential Election: Beyonc and Jay Z Join Hillary Clinton,1
24333,24333,UK car insurance firm wants to scan social media posts to price premiums ,Auto Insurance Premiums Based on #Facebook Posts ? ,1
3534,3534,New @Reuters /Ipsos projection gives Clinton a 95% chance of winning Electoral College vote . ,This is good news Hope it remains like this in the next 22 days . ,0
15689,15689,At least 20 injured after powerful earthquake strikes central Italy on Sunday . ,"another 6.6 strong quake hits Italy this morning , the strongest magnitude to hit them in decades ",1
35612,35612,"International students considering college in Donald Trumps U.S. are asking , "" Is it safe for me to come there ? ",World's students consider options other than the US ,0
4585,4585,How one 19-year-old Trump supporter is distorting national polling averages ,How One 19-Year-Old Illinois Man Is Distorting National Polling Averages,1
16894,16894,Why is the legal standard for Hillary different than the one for you and me ? ,Why is the legal standard for Mrs. Clinton different than the one for U and me ? ,1
5800,5800,Bill Belichick is done using the NFL's Microsoft Surface tablet he hates so much ,"Technology sucks , and even autistic old men who pathologically lie and cheat know its true ",0
45852,45852,Minnesota officer who fatally shot Philando Castile during a traffic stop charged with second-degree manslaughter . ,The Minnesota police officer who fatally shot Philando Castile during a traffic stop in July was charged . ,1
29582,29582,What's the cost of not offering paid sick leave ? ,looks at the cost of not offering sick leave & amp ; cites study co-authored by CSU's Patricia Stoddard Dare . ,0
32582,32582,She doesn't care about us Sanders supporter goes off-script at event for Hillary Clinton ,"Sanders tries to rally supporters behind Clinton , but they remain wary ",1
30037,30037,Shades Of 2000 ? Clinton Surpasses Trump In Popular Vote Tally ,Historically Dems reach out to all citizens better than the GOP . May the GOP remember to include all of America ! ,0
30417,30417,You signed a pledge Rick Santorum calls out John Kasich and several fellow Republicans ,either your word matters or it doesn't . Obviously yours doesn't . ,0
24779,24779,Donald Trump captures presidency in historic and stunning upset of Hillary Clinton . ,Trump Captures Presidency in Stunning Upset of Clinton,1
12115,12115,The complete list of Trump's insults on Twitter . ,"282 People , Places and Things Donald Trump Has Insulted on Twitter A Complete List . ",1
7287,7287,Colorado researchers turn beer waste into battery electrodes ,Researchers in Colorado find a way to turn beer waste into batteries ,1
34289,34289,"Don't blame James Comey for this mess , a @CNNOpinion writer says ",Don't blame Comey for this mess ! HILLARY CAN ONLY BLAME HERSELF ! ,1
4443,4443,"Putin orders Russian officials ' relatives studying abroad to return home , reports claim ",Putin orders Russian officials ' relatives studying abroad 2return home amidrisingtensions & prospect of new WorldWar ht ,1
29008,29008,"The latest U.S. and swing state polls , updated ",Latest Election Polls 2016,1
19836,19836,Here's why you shouldn't believe those ' live streams ' from space all over your Facebook feed ,Those Facebook Lives from space are fake AF ,0
23487,23487,The most vulnerable among us will now be even more vulnerable ,"TY @rgay for so beautifully articulating such raw , complex emotions and actions we'll need to take ",0
10265,10265,Twitter's latest change demotes Moments for an ' Explore ' tab ,"If you dont see Moments in your #Twitter app anymore , heres why ",0
13309,13309,"This is the darkest , most devastating Pixar short of all time ",The father/son theme in this new short takes its art in a decidedly grown-up direction . ,1
26470,26470,Trump beats the media and the Establishment in pulling off the greatest upset ever ,"Donald Trump, the real estate mogul mocked and minimized by the media and political establishment, has stunned the world with a death-defying campaign that has captured the presidency.",0
40100,40100,The WHO declared an end to the Zika emergency . Here's what that does and doesn't mean . ,Unwise for @WHO to declare Zika no longer emergency . No vaccine or treatment and kids still being affected ,1
783,783,"Federal judge excoriates Floridas "" obscene "" "" undeclared war "" on voting rights . ","Federal judge tosses "" obscene "" Florida statute allowing local voting offices to disregard ballots with suspect . ",1
6109,6109,Getting fired from TV pays much better than getting fired from newspapers ,The Bush Family stays stacking paper . ,0
39090,39090,Wanda Sykes booed off stage after anti-Trump remarks at charity benefit ,Typical behavior from the left . They act like unruly teenagers . ,0
41831,41831,"Rudy Giuliani as secretary of state would be a "" dismal "" choice , the Editorial Board writes in @nytopinion ",This is like asking why a rat should not be the #pope . Why #RudyGiuliani Shouldnt Be Secretary of State ,0
17570,17570,"The latest U.S. and swing state polls , updated ","USA Latest Election Polls 2016 Clinton is ahead as of now , but pollsters views favouring realDonal ",0
422,422,16 innovations making a difference for poor communities around the world ,Some amazing innovations in this article that are helping tackle ,0
16448,16448,Justice Department has replaced the New York team of agents and lawyers investigating the death of Eric Garner ,The Justice Department has replaced the New York team of agents and lawyers investigating the death of Eric . ,1
45067,45067,rubs eyes * Am I reading an excerpt from @doctorow's Little Brother or is this the real world ? ,Trump's barely in and rights are already gone . ,0
45547,45547,"Flags removed , torn up by Brown University students before Veterans Day ","Flags Removed , Torn Up by Brown U . Students Before Veterans Day ",1
16080,16080,"Emails tied to Clinton case found after FBI seized devices belonging to Huma Abedin , Anthony Weiner ","FBI doesn't yet know if emails in Anthony Weiner probe are new , or significant , or implicate Clinton in any way ",0
6033,6033,A guide to getting rid of your big-bank checking account ,@AmalgamatedBank is another great bank mentioned in @ronlieber's column ! Read the full article at ,0
33881,33881,Here's how the Feds made the maps that crippled black neighborhoods ,In 1930s Feds made the maps that crippled black neighborhoods ,1
41174,41174,"Brendan Dassey of "" Making a Murderer "" is to be freed while state appeals ruling ",Good news for Brendan Dassey today an order that he be released while the state appeals his habeas victory . ,1
45,45,Did California lift mandatory water rationing too soon ? Water use is up again . ,"Relatively wet winter causes California to life emergency water consumption limit , but is it too soon ? ",1
10454,10454,"Threat to jail Hillary Clinton smacks of "" tin-pot dictators , "" experts say ","Threat to Jail Clinton Smacks of Tin-Pot Dictators , Experts Say ",1
3084,3084,"Donald Trump , slipping in polls , warns of "" stolen election ",TrumpWarns of Stolen Election Trump spreading the lie that non white voters will steal his election . ,1
14032,14032,Missed Trump and Clinton at the Al Smith charity dinner ? Here are the highlights . ,Donald Trump Heckled by New York Elite at Charity Dinner,0
33869,33869,KKK Paper Endorses Trump ; Campaign Calls Outlet ' Repulsive ,KKK endorses @realDonaldTrump ! His values ARE KKK VALUES ! ,1
19765,19765,Video shows #Clinton coordinated with liberal group to incite crowds ,She's been sending Agent Provocateurs to Trump Rallies . Also Caught on Tape ,0
31903,31903,"UK government must consult Parliament before triggering Article 50 to leave EU , High Court rules ",The judiciary has basically overruled the will of the people with their decision ,0
959,959,Watch the Disney Accelerator Demo Day here ,Watch our founder @AyahBdeir speak at the @DisneyAccel Demo Day live on @TechCrunch ,1
2087,2087,Hillary Clinton is pushing into red states with an offensive aimed at extending her growing lead over Donald Trump ,"Showing Confidence, Hillary Clinton Pushes Into Republican Strongholds",1
36033,36033,"After Brexit , tolerant Britons adopted a simple symbol of solidarity . We should , too . ",Sometimes social media is filled with bluster ; sometimes with simple gems ,0
20716,20716,"Don't take Donald Trump to dinner , writes @gailcollins for @nytopinion . ","Theres nothing Trump cant ruin , people . ",0
40111,40111,The gangs that make El Salvador the murder capital of the world are mafias of the poor ,Outstanding joint story by NYT & amp ; @_ElFaro_ ,0
44662,44662,"because they hated me , and maybe you , too . ","At Trump rallies , putting press pen was an amazingly efficient means of "" othering us "" . ",0
44435,44435,Is Donald Trump already walking away from campaign promises ? ,Believe it or not trump isnt stupid ,0
9966,9966,"Clinton policy adviser says the WikiLeaks hacked emails could be "" doctored ","Latest Trump accuser says he "" violated "" her in press conference with Gloria Allred ",0
41272,41272,"Marijuana use can weaken heart muscles , particularly in young men , according to a new study ",Could marijuana actually weaken your heart muscles ? ,1
26932,26932,"Rudolph Giuliani , Chris Christie and Newt Gingrich are among candidates for Trump's cabinet and staff , aides said ",Donald Trumps Victory Is Met With Shock Across a Wide Political Divide ,0
22957,22957,Long voting lines could have long-term consequences ,"I mean , look Democrats , women , blacks , Hispanics , urban dwellers . all voted for Trump ",0
38230,38230,15 families share the Thanksgiving dishes that speak most about their heritage and traditions ,make that many tastes of REAL America ! So many incredible Thanksgiving dishes from far and wide ! ,0
2765,2765,"Donald Trumps campaign is imploding . But at his rallies , the man is still king . ","Where Trump Is Still King , So SCARY ",0
18222,18222,How researchers accidentally turn carbon dioxide into ethanol ,"If true , The CO2 & gt ; & gt ; C2H6O & gt ; & gt ; CO2 will fundamentally change . Think of the implications ! ",0
4207,4207,Nominate your choice for Best Technology in the 10th Annual #Crunchies Awards ,The 10th Annual #Crunchies are here ! Nominate your favorite #startups & amp ; #investors . ,0
6434,6434,Man in Florida sentenced to 20 years in prison for a 2015 road rage incident involving George Zimmerman . ,"Man sentenced in road rage shooting involving George Zimmerman "" property",0
1095,1095,These ' ugly ' fruit and veggie emoji will get you talking about food waste ,These imperfect emoji will make you text with food waste in mind ,1
17718,17718,An amateur fossil hunter found something that looked like a pebble more than 10 years ago . It was a dinosaur brain . ,Wonder how Ross would react to this ? First Fossilized Dinosaur Brain Found ,1
40707,40707,Trump tweets praise for protesters hours after calling them ' very unfair ,"Nine hours after accusing the media of inciting professional protesters, Donald Trump abruptly reversed course Friday morning, praising those same protesters who have come out in the thousands to demonstrate against his election as having ""passion for our great country.""' property",1
27284,27284,Watch Jon Stewart hilariously recount his vicious Twitter war with Donald Trump ,This is so great . Love Jon Stewart . ,0
17034,17034,Millions of modified mosquitoes to be released in Brazil & amp ; Colombia #Zika fight ,Mosquito army released in Zika fight in Brazil & amp ; Colombia ,1
9276,9276,Google and Facebook are building the fastest trans-Pacific cable yet ,Google and Facebook have teamed up to build an ultra-fast submarine cable that will connect L.A. with Hong Kong . ,1
16344,16344,Here's a roundup of the week's whoppers from the campaign trail ,Research and follow through folks . Just remember it matters that you know if the person you support actually knows ,0
6187,6187,Facebook is confusing Aussies by using Fahrenheit in its weather forecast ,Facebook is greeting some international users with the weather . But in Fahrenheit . ,1
45927,45927,Philosopher who predicted Trump in 1998 also predicted his first act as president-elect ,"Know this if nothing else Richard Rorty is always , always , always correct . ",0
6677,6677,From May 2016 How Donald Trump behaved with women in private ,"PUBLISHED MAY 14 , 2016 in @nytimes Why didn't we pay attn then ? How Donald Trump Behaved With Women in Private ",1
25703,25703,Ebola evolved into a deadlier enemy during the African epidemic ,Two new studies suggest that Ebola adapted to humans during the West African outbreak . Heres my story ,0
6451,6451,Dow drops 200 points and S & P 500 loses 1.2% . Oil slides 1% . Alcoa sells off on poor quarterly results . ,cnnbrk RT CNNMoney U.S. markets close little changed after Fed indicates it will raise rates ' relatively soon . ,0
30429,30429,Donald Trump holds rally in Nevada . ,"CNNgo is a revolutionary news-watching experience that offers the live CNN broadcast with unprecedented features. You can catch-up on the stories youve missed, go deeper and learn more about the stories that interest you with related coverage, and enjoy the most popular On Demand Shows",0
40997,40997,"Despite a win by Donald Trump , Bernie Sanders and his supporters are still feeling the bern ","President-elect Donald Trump will find himself with an unlikely ally if he makes good on his promise to be an economic populist challenging corporate America, Bernie Sanders said Thursday."" property",0
2796,2796,"Donald Trumps campaign is imploding . But at his rallies , the man is still king . ","Donald Trump&rsquo;s Campaign Is Imploding. But at His Rallies, the Man Is Still King.",1
35324,35324,NFL star Mike Evans sits during national anthem to protest Donald Trump election victory ,NFL star sits during national anthem to protest President-elect Trump ,1
14956,14956,"Canoes reek of genocide , theft and white privilege , professor claims ",Canoes are racist . My childhood camping trips were nothing more than white privilege shams . ,1
38250,38250,"Canceled classes , a cry-in and more College campuses reel from Trump win ","doesn't attempt to be factual , in world where HRC won popular vote & amp ; sabotaged by @FBI ",0
4541,4541,You'd be surprised by how much you can learn about the U.S. from this map ,This 2012 map tells us a lot about America and the Election . ,1
23390,23390,Voters in five states will decide on whether marijuana should be legal to use recreationally ,"Five states consider legalizing marijuana "" property",1
41917,41917,"Sen. Reid to Trump Show America that racism , bullying and bigotry have no place in the White House or in America ",Therefore if Clinton would have won how would the BLM would have celebrated ? ,0
9128,9128,"Trump campaign manager Clinton jail comments are being taken "" literally ","Honestly , she should be locked up . His campaign manager yesterday ",0
17285,17285,GOP accuses State Dept . of ' cover-up ' to protect Clinton over emails ,GOP Accuses State Dept . of ' Cover-Up ' to Protect Hillary Clinton Over Emails ,1
11162,11162,The Atlantic names Jeffrey Goldberg its editor in chief ,@JeffreyGoldberg is the new editor in chief of @TheAtlantic ,1
25020,25020,"Almost everywhere in the world , mosquitoes are a menace . But not in Iceland . ","No one knows for sure why mosquitoes have never spread to Iceland. If climate is the reason, look out: Its changing.",0
20260,20260,The Supreme Court enters the transgender rights debate It will hear a case on a students use of the boys bathroom ,"Supreme Court to Rule in Transgender Case NY Times Daily Pervert gay propaganda the Blaze calls "" the gay mafia . ",0
35411,35411,"Video of mom punishing son , 8 , over school Trump vote leads to investigation ",This mother ought to be locked up . There's NO EXCUSE for this garbage . Even if you don't like Trump . ,0
30979,30979,"A woman was killed after being pushed in front of an oncoming subway train at Times Square , police say ","A woman was taken into custody in connection with the attack, which an initial investigation by the police suggests was unprovoked.",1
20901,20901,"As China's deserts expand , people who live on their edges are becoming climate refugees ",People on the edges of China's vast seas of sand are being displaced by ,1
29045,29045,CNN severed ties with the Democratic strategist Donna Brazile ,"Hillary finds more ways to cheat CNN Parts Ways With Donna Brazile , a Hillary Clinton Supporter ",1
46183,46183,How much is your poo worth ? No we're not joking there's big money to be made out of sewage ,The firms turning poo into profit #worldnews # @visacompare ,1
18598,18598,This should have been a victory lap for Paul Ryan . Now he's working to keep both the party and his speakership safe . ,"Tarred by Trump , Paul Ryan Tries to Safeguard Both Party and Job Take back #America . Vote straight ",1
8130,8130,Fashion becomes a victim of its own oversharing ,the truth is that not one of us is immune to the pressure to fill the limitless space of the internet ,0
24738,24738,Amazon plans to enter Southeast Asia with Singapore launch in Q1 2017 ,This would be interesting @emi_yuxian Amazon plans to enter SEA with Singapore launch in Q1 2017 ,1
31060,31060,Donald Trump defied the skeptics who said he would never run and the political veterans who scoffed at his campaign ,THIS IS A MUST READ ! Donald Trump Rode to Power in the Role of the Common Man ,0
42355,42355,The Electoral College is an instrument of white supremacyand sexism ,The Electoral College Is an Instrument of White Supremacy&mdash;and Sexism,1
7486,7486,"One of Trumps "" African Americans "" in Illinois is messing up the L.A. Times ' polling ",The lies and spins continue . This is very interesting ,0
11633,11633,Megyn Kelly's clash with Newt Gingrich again raised the question of Fox News's future ,The hosts divergent approach took a different turn in her clash with Newt Gingrich and again raised the question of the channels future.,1
3990,3990,"European Union should prepare for returning jihadists following Mosul battle , EU's security commissioner warns ",EU should expect influx of jihadis European Union should be prepared for an influx of ji . ,1
2204,2204,Four men arrested in attack on Alabama teen who said ' Blue lives matter ,"4 black savages arrested for viciously assaulting white teen for saying "" Blue Lives Matter ",1
12322,12322,The broken promises of genetically modified crops ,Are GMO crops increasing yields and reducing pesticide use after all ? ,0
39739,39739,Were supposed to have an inauguration on Jan . Are we going to have a governor ? ,"NC Republicans Battle to Save Governor , Trailing by Whisker ",0
16226,16226,You think your retirement plan is bad ? Talk to a teacher . ,It's a heartbreaking situation for everyone . The sad state of teachers ' workplace savings plans will make you mad . ,0
14296,14296,What's it like to grow up in New York City now ? Kids told us their stories . ,Obsessed with this @NYTimes feature What Makes a New York City Kid ? ,1
19406,19406,Founder's comment on Vine shutting down ? Don't sell your company ! ,Vine is shutting down . Need to update my book . Founders comment on Vine shutting down ? ,1
26532,26532,An appeals court rules in favor of the Trump campaign on allegations of voter intimidation ,The ballot is mightier than the bully . Don't be intimidated . Democracy must be exercised to survive . ,0
3286,3286,10-times deported Mexican man accused of raping a child on a Greyhound bus ,10xs deported #Mexican man accused of raping child on #Greyhound bus ,1
12723,12723,England will host the 2021 Rugby League World Cup More ,England will host the 2021 World Cup after being selected ahead of a rival joint bid from the United States and Canada.,1
3056,3056,"Facebook Messenger tells you what to talk about with "" Conversation Topics "" feature ",Facebook Messenger suggests what to talk about with “Conversation Topics”&nbsp;feature,1
42404,42404,"In a private chat , Facebook executives questioned what role the company played in the elections outcome ",Facebook is embroiled in accusations that it helped spread fake news stories that influenced how Americans voted . ,0
2600,2600,"Syrian Jaber Albakr , arrested in Germany for an alleged terror plot , has committed suicide in prison ",Breaking Syrian terror suspect Jaber Albakr has committed suicide in Leipzig . ,1
18387,18387,Professor with Remarkable Track Record Predicts a Trump Election Win ,Don't even read your own stuff . ,0
19080,19080,Vine's six seconds of fame are over . Is Twitter the next to fall ? ,"Is Twitter next ? Poor "" Vine stars ",0
43784,43784,Chilling NASA video shows Arctic ice vanish over the span of 30 years ,Very worrying seeing it displayed like this . ,0
19557,19557,New CNN/ORC poll Hillary Clinton leads Donald Trump by 5 points heading in to final two weeks ,#DonTheCon is just killing it with all the Bubbas . Uneducated White Males love the guy who hates the same people . ,0
41065,41065,Calls to crisis and suicide prevention hotlines surge post-election ,Calls to #suicide hotlines surge post-election SavySoda News ,1
4158,4158,"Glenn Beck says opposing Trump is "" moral , ethical "" even if it means Clinton wins ","From what I recall , I think of Beck as pure nutz . But he has more guts than Cruz/Rubio et al . Beck Opposing Trump ",0
17327,17327,Double murder suspect live streamed escape from Police ,MURDERER SHOOTS 6 PEOPLE WITH AK-47 . 2 WERE POLICE ! 2 PEOPLE KILLED ! Blame the ,0
16706,16706,Multiple deaths reported in California tour bus crash ,13 people were killed and 31 were injured after a tour bus collided with a tractor trailer on Sunday in California . ,1
7249,7249,"Hillary Clinton's top State Department aide helped win support for an investor in Haiti , then teamed up with him ",Haiti & amp ; Africa Projects Shed Light on Clintons Theft Corrupt liars stole from needy around the wor ,0
31129,31129,Should games firms welcome or fear Chinese conquest ? ,Chinese investors are spending billions buying Western games companies - what are the pros and cons?,1
8625,8625,The problem is our government does not bear any sort of criticism . Hungary's largest opposition newspaper closes . ,"Newspaper Closes in Hungary , and Hungarians See Governments Hand Nepszabadsag , Hungarys largest opposition . ",0
42381,42381,"Senator Jeff Sessions , Republican of Alabama , seems poised to have a spot in Donald Trump's cabinet ","Donald Trump and Japans Leader to Meet , With Plenty to Sort Out ",0
44324,44324,It's like taking the last 200 years of the Roman empire and condensing it into one day . ,"The new style Possible new agriculture secretary recently called Hillary Clinton a "" cunt "" on Twitter . ",0
11165,11165,Its fine to speculate about Donald Trumps mental health ,Its OK to Speculate About Trumps Mental Health . Trump in Diagnostic & amp ; Statistical Manual Mental Disorders ,1
1920,1920,Apple reportedly doesnt want to build a car anymore just its brain ,@Apple is leaving the race to build #SelfDrivingCars to focus on ,1
3023,3023,First on CNN Religious leaders slam Clinton's campaign over comments revealed in hacked emails ,"Religious leaders "" outrage "" at "" demeaning & amp ; troubling rhetoric used by "" Clinton's campaign . ",0
44275,44275,"Jeff Sessions , a potential cabinet pick , is trailed by accusations of making racial comments ","While eyes are on Bannon , AL people know Sessions ! Race Shadows Jeff Sessions , Potential Trump Nominee for Cabinet ",0
19631,19631,College threatens police response for students wearing ' offensive ' costumes ,The private college can decide what's offensive . Students & amp ; parents can decide if they agree or stop funding them . ,0
15903,15903,A complete and updated list of all the sexual assault allegations against Donald Trump ,"At the presidential debate on Sunday night, co-moderator Anderson Cooper spent a lot of time trying to get Donald Trump to answer a simple question: Ha ...",0
21922,21922,Its not Trumps supposed personality disorder that matters . Its his privilege ,"Lately, I have been having dreams about Donald Trump. In one, I&rsquo;m in the audience as he walks out onto the debate stage, and the version of Hillary Cli ...",0
4538,4538,You'd be surprised by how much you can learn about the U.S. from this map ,"What This 2012 Map Tells Us About America , and the Election ",1
19639,19639,Rashida Jones writes a thank-you note to Michelle Obama ,"Whatever comes out of the election , definitely going to miss Michelle as first lady . ",0
4159,4159,"Glenn Beck says opposing Trump is "" moral , ethical "" even if it means Clinton wins ","You may not agree , which is frightening to say the least . It is not acceptable to ask a moral , dignified man to . ",0
35095,35095,Bless Hillary Clinton for not wearing makeup during her Childrens Defense Fund speech ,"I mean really ? This is a well written article , direct and clearly unveils this simple truth , that even women try . ",0
24971,24971,"Iraqi forces have entered Mosul , ISIS last major stronghold in Iraq ","Iraqi forces enter ISIS-held Mosul for first time in more than two years , Iraqi Defense Ministry says . ",1
6594,6594,Billy Bush is negotiating his exit from NBC after the release of the lewd Donald Trump tape ,Billy Bush Negotiating Exit From NBC After Lewd Tape,1
8046,8046,"You're on the highway and you see a sign Lane closed ahead . What do you do ? Merge now , or wait ? ","Oh , hello , ALL of Minnesota ! Why Last-Second Lane Mergers Are Good for Traffic ",0
25236,25236,Taken down by Khzir Khan and deported by Latino voters . ,A few more days of alternating elation and terror then a long grating slog forward ,0
5173,5173,A state-by-state guide to voter registration deadlines ,How to Register to Vote New York Times ,0
8279,8279,"Samsung to ask all carrier and retail partners to stop Galaxy Note7 sales , exchanges following more reports of fires ",Samsung Will Ask Global Partners to Stop Sales and Exchanges of Galaxy Note7 While Further Investigation Takes Place ,1
45407,45407,SEC Chair Mary Jo White says she will step down at the end of the Obama administration . ,Mary Jo White leaving SEC before Trump takes office ,1
21408,21408,The panel debates some of the biggest stories of the week on the new @EngadgetPodcast ,Found the Video I thought it was yours . Young People Shocked by Hillary's Scandals ,0
30826,30826,White House says President Obama called Donald Trump to congratulate him on his victory ,Obama on President-elect Trump We are now all rooting for his success ,0
8745,8745,"Republicans claim ' collusion ' after email appears to show DOJ , Clinton campaign contact ",COLLUSION between DOJ & amp ; Clinton Campaign . Must stop this CORRUPT WOMAN ! ,1
31406,31406,"How to choose between the most corrupt , least popular candidates of all time ",If u are in doubt . This list is just . ,0
29957,29957,Mike Pence casts his vote on #ElectionDay in Indianapolis ,East Coast polls open as Americans cast their verdicts on Clinton & amp ; Trump after an acrimonious campaign . ,0
27659,27659,Why many veterans back Donald Trump over Hillary Clinton ,"Veterans, Feeling Abandoned, Stand by Donald Trump",1
31635,31635,THIS is the story of Election 2016 ,Oh no White people discovered identity politics . Now it's a bad thing . ,0
13977,13977,Why you probably shouldn't let your dog lick your face ,Don't let your dog lick your face or anything which you use . ,1
32722,32722,Hacked emails show that Donna Brazile shared questions for candidate events with Hillary Clintons campaign ,"CNN parts ways with Donna Brazile , a Hillary Clinton supporter , after Brazile leaked debate questions to campaign ",1
32134,32134,Bud is a UK startup that wants to re-bundle all of your fintech apps into one fintech app ,@this_is_bud is using open #api to provide an integrated #fintech experience ,0
31958,31958,It's time to ask Hillary's supporters How could you ? ,"Hey @TheDemocrats , @thehill & amp ; @HillaryClinton followers Could you answer this for ",0
29982,29982,Chelsea Manning tried to commit suicide for the second time in October ,Chelsea Manning tried to commit suicide again at start of week of solitary that was punishment for prior attempt ,1
18534,18534,The Republican Party has crossed a point of no return ,A fundamental political truth of our era . ,0
30462,30462,Stars come out for Clinton as Trump brags he doesn't need them ,"Stars hit campaign trail for Clinton , while Trump brags that he doesn't need them ",1
35785,35785,Identity politics never wins elections . But it can lose them . ,"Color me SHOCKED that a white dude is writing sh like , "" Our fixation on diversity cost us this election . ",0
27330,27330,"US-backed forces in Syria say they're launching an operation to seize Raqqa , ISIS ' de facto capital . ","US-backed militia groups in Syria said Sunday they had launched an operation to seize ISIS' de facto capital, Raqqa."" property",1
30613,30613,"Helping more people vote would "" cheapen the work "" of civil rights heroes . ","Slate's got more pull quotes from Merrill's views about "" lazy "" , "" sorry people "" . ",0
37555,37555,"Snapchat's fans , not the media , are telling the world about Spectacles ",ditches traditional advertising strategy for something more relatable to users ,0
19822,19822,Donald Trump appears to have lost the support of his biggest donor ,Money Flows Down Ballot as Donald Trump Is Abandoned by Big Donors (Even Himself),0
7387,7387,"If I drop food on the floor , I still eat it a doctor writes ",This doctor eats food after it's dropped on the floor . It's not as gross as other places in the kitchen ,1
36168,36168,Potential Trump Homeland Security chief believes BLM-ISIS alliance is imminent ,Potential Trump Homeland Security Chief Believes Black Lives MatterISIS Alliance Is Imminent ,1
7132,7132,What we've learned from the hacked emails of Hillary Clinton's campaign ,Hey @danmericaCNN aren't you one of the friends in the press mentioned in those emails ? ,0
41415,41415,"Black freshmen at UPenn were added to a "" Daily Lynching "" hate group ",Say something about this shit or fuck off . ,0
18129,18129,All of my employees are having a tremendous problem with Obamacare . ,"At a very young age a wise person told me "" A liar has no memory . Asked by a reporter after the event whether his . ",0
13566,13566,Most parents work 9 to 5 . Why do most schools still end around 3 ? ,How school schedules are supporting the narrative that #kids are better off not having a working ,0
35216,35216,The Democratic establishment is finished . What a joke ,This article does a great job of the left finally beginning to realize their failures . ,0
14556,14556,British banker Rurik Jutting pleads not guilty to Hong Kong murders . ,A former school pupil from #Worcestershire has pleaded not guilty to two murders of Indonesian women in #HongKong . ,0
10942,10942,Family of Australia cricketer Phillip Hughes walk out of inquest into his death ,Phillip Hughes inquest: Family walk out - BBC News,1
32648,32648,"James Comey "" committed a serious error with potentially severe implications . ",James Comeys Big Mistake,1
7738,7738,"Donald Trump is a walking , talking trigger ","Okay , so I'm not the only one dealing with this . Passing it on in case you are too . ",0
10682,10682,"A trip to the Toronto suburbs for excellent , cheap Chinese food ","Trekking to the Toronto Suburbs for Excellent, Cheap Chinese Food",1
29048,29048,CNN severed ties with the Democratic strategist Donna Brazile ,"CNN Parts Ways With Donna Brazile, a Hillary Clinton Supporter",1
10945,10945,"How Anita Hill paved the way for Trumps accusers , women everywhere , to step forward ",Anita Hill Paved the Way for Trumps Accusers to Step Forward ,1
14146,14146,What the Clinton-Trump race feels like for firs t-t ime voters ,I talked to 50+ firs t-t ime voters about what it's like to have this be your first election ,1
7837,7837,Watch episode one of Trust Disrupted Bitcoin and the Blockchain ,Watch the first episode of our new series Trust Disrupted and the ,1
33900,33900,The artist responsible for Obamas 2008 ' Hope ' poster wont create one for Hillary Clinton ,Why Obama ' Hope ' artist hates Trump . but won't draw Hillary ,1
43874,43874,"Cuckoos have a reputation as freeloaders , but these will inspire you . ",So long and such a flight Journey of radio tagged Cuckoo from China to Africa ,1
33850,33850,This pregnant Colorado woman voted on the way to giving birth to her daughter ,"Pregnant Colorado woman votes on the way to giving birth Little Bella Rose , like so many Americans , couldn't wait ",1
29740,29740,The first exit polls show voters aren't excited about Clinton or Trump ,"Clinton fails to energize African-Americans , Latinos and the young @CNNPolitics ",1
1870,1870,WikiLeaks releases transcripts of Hillary Clinton's three paid speeches to Goldman Sachs ,WikiLeaks releases transcripts of Clinton Goldman Sachs speeches @CNNPolitics ,1
6421,6421,Bacteria in Southern California dentist's water sends 30 kids to hospital ,Bacteria in dentist's water sends 30 kids to hospital An outbreak that sent 30 children to Southern California ,1
37508,37508,"President-elect Donald Trump ditches his press pool again , spurring sharp criticism ",Backlash after Donald Trump ditches his press pool ,1
41182,41182,A teenager who died of cancer has been cryogenically frozen after winning a court case before her death ,Teenage girl wins battle to have #bodyfrozen #cryogenics @CNN ,1
42011,42011,"What can one girl's death show about violence in Chicago ? Meet Veronica Lopez , 15 . ","Veronica was 15 . She dreamed of moving to California , where it would be safe . One girl's life and death in Chicago ",1
25049,25049,Why is black voter turnout lagging in North Carolina ? ,Every black American in North Carolina is a vote for Democratic . Why Is Black Voter Turnout Lagging in NC ? ,1
13207,13207,"Trump has done one good thing writes , arguing Trump has galvanized the Latino community ","Latinos need to demand our place in American history , and in corporate , political and social fields . ",0
25009,25009,"South Carolina man who chained woman in storage container confesses to at least 7 murders , sheriff says ","Bond denied for suspect in 7 murders, kidnapping in South Carolina",0
13958,13958,Police in Australia confirm Cardinal George Pell was interviewed in Rome over sexual assault allegations ,George Pell questioned by Victoria Police ! There's movement at the station ladies and gents ! I will update this . ,0
197,197,"One of Trumps "" African Americans "" in Illinois is messing up the L.A. Times ' polling ",Your Los Angeles Times polling secret is revealed ,0
