,IDS,sentence,paraphrase,quality
184481,184481,"""What is the best way to get traffic on your website?""","""How do I increase organic traffic to website?""",1
242375,242375,"""What are the steps to open a SIP account for mutual fund investing in India?""","""How do I invest in SIP mutual funds in India?""",0
199792,199792,"""What are your views on ban of 500 and 1000 rupee notes in India?""","""What are your views on banning 500 and 1000 rupee notes? How does it affect black money and is it really gonna work and expose all the black money?""",1
345644,345644,"""How do I apologize to my stubborn best friend?""","""How can I apologise to my best friend?""",1
294616,294616,"""What happens when two Black holes come closer and collide?""","""What happens when two massive blackholes collide?""",1
116919,116919,"""Will Facebook ever offer a feature like LinkedIn's, where you can see who has viewed your profile?""","""Can you see who views your Instagram?""",0
184971,184971,"""How do sociopaths feel about their own children? Are they able to bond?""","""What drives people to want to murder their own children (and typically themselves) and what do they think/feel?""",0
323972,323972,"""Does anyone want to share their experience about an Antarctica expedition?""","""How does it feel to travel alone?""",0
261229,261229,"""What are the stages of becoming a good programmer?""","""What are the growth stages of a programmer?""",1
97568,97568,"""How often do you get paid in the military?""","""How often do you get paid?""",0
328523,328523,"""Is it possible for a girl to live her whole life alone?""","""Is it hard to live alone for a girl?""",0
215949,215949,"""Can vaginal masturbation help make the first time less painful and awkward/uncomfortable?""","""How do I make sure my first time isn't painful?""",0
199548,199548,"""Do variac work only for AC devices only?""","""Is GPIO only for hobbiests? Or do production devices also use GPIO? How are they used?""",0
315205,315205,"""What do British people think about Balfour Declaration?""","""How do people in the U.K. feel about the Balfour Declaration?""",1
155416,155416,"""How to get percentage between two numbers?""","""How do you find the percent of two numbers?""",1
152321,152321,"""I have purchased a dell laptop. can anybody suggest from where to get it insured?""","""What qualification should I possess to get into a Department? Can anybody suggest a senior who can help me with it? I am really interested.""",0
74822,74822,"""What is the most terrifying thing?""","""What is the most scary thing?""",1
283552,283552,"""What are the best wholesale companies for a small retail business to buy fashionable clothing from in the US? Why?""","""I want to sell clothes online. Can I get a catalog from a clothes wholesaler from whom I'll be buying the clothes to show them online?""",0
221233,221233,"""I want to get lingual braces. I work in a government organisation. Will the cost of braces be covered in my medical health benefits?""","""I have a lot of pain in my front teeth due to braces. What can I do from home?""",0
180591,180591,"""In Pokémon ranger and The Temple of The Sea, Why does Manaphy whine like a baby?""","""Is Manaphy considered an anxious Pokémon in the movie?""",1
52734,52734,"""How can I learn communication skills?""","""How do I improve my communication skills.?""",1
24900,24900,"""Uber in 2015: How much can I earn per month as an Uber driver?""","""How much does an Uber or UberX driver earn in the District of Columbia?""",0
352398,352398,"""Is it possible for a passenger flight to fly to space?""","""Why can’t an airplane just fly into space?""",1
100803,100803,"""What is the Indian government doing to control population growth?""","""Why isn't Indian government doing anything to control population growth?""",1
18783,18783,"""In what kind of jobs is creative writing highly valuable?""","""What are some jobs available in creative writing?""",1
245481,245481,"""Which OS is better, Windows 7 or Windows 10?""","""Which is better: Windows 7 or Windows 8?""",0
263707,263707,"""What is the best book about Inuit tribe?""","""What are the death rituals of the Inuit? How are they performed?""",0
57790,57790,"""What is the function of integral proteins in cell membranes?""","""What is the function of proteins in a cell membrane?""",0
255686,255686,"""Why do we have to do something?""","""Why do we think about something that we don't or couldn't have?""",0
180553,180553,"""What is market mechanism?""","""What is the market of mechanical Engineering?""",0
129689,129689,"""World of Warcraft (2004 video game): What is it like to play as Dwarf Tank in World of Warcraft?""","""World of Warcraft (2004 video game): What is it like to play as Orc Tank in World of Warcraft?""",0
310381,310381,"""How's manilla city?""","""What is the system followed by Ambedkar university while choosing subject for economic what is the best combination?""",0
387427,387427,"""I always dream that someone is running after me and trying to kill me. What does that mean?""","""I was dreaming the past month about my literature teacher. He gave me many advices about writing and always kept me going. What could this mean?""",0
105094,105094,"""Why am i always not be what i am thinking of?""","""My friend thinks I'm always happy. Every time I say something that doesn't sound positive, she says I'm acting out of character. I always put on this 'happy' front, but I want to be able to confide to her. She's a great friend. What should I do?""",0
50215,50215,"""How do I attract “right guy”?""","""How can I attract men?""",1
175702,175702,"""What do you hate the most about shopping?""","""What is something you hate about shopping?""",1
251319,251319,"""Why aren't supporters of Bernie Sanders voting for Jill Stein?""","""Why don't Bernie Sanders supporters choose Jill Stein as obvious positive alternative to Hillary Clinton?""",1
110001,110001,"""What is your new year resolution in 2017?""","""What are some of your New Year's resolutions for 2015?""",0
54146,54146,"""If psychopaths and sociopaths don't experience emotions, how do they enjoy life? What, do they do for, fun? List things they do?""","""If psychopaths and sociopaths don't experience emotions, how do they enjoy life? What, do they do for fun? List things, they do?""",1
186898,186898,"""Does the new ₹500 & ₹2000 notes have a nano GPS chip?""","""How far is it true that new 500 and 2000 rupees notes have Nano GPS chip in it?""",1
71752,71752,"""How can I learn to live with tinnitus?""","""What is the best way to manage tinnitus?""",0
12780,12780,"""How do you earn money on Quora?""","""How do I earn from Quora?""",1
81423,81423,"""What places should I visit during my visit to Kerala during July?""","""What are the best places to visit in Kerala for college students?""",1
177679,177679,"""How should I react when girls tease me?""","""How should I react when a guy teases me or any other girl?""",0
19622,19622,"""What circumstances are the most conducive to the rise of fascism?""","""What circumstances are most conducive to the rise of fascism?""",1
81968,81968,"""The color of my eye's cornea is black. Is it possible to change the color of a cornea to grey or blue permanently without using contacts?""","""Are cosmetic contacts to change the color your eye dangerous?""",0
111017,111017,"""What is the biggest career mistake you have ever made?""","""What is the biggest career mistake you have ever made or witnessed?""",1
176197,176197,"""Which animals can never be tamed? And why?""","""What is it like taming a donkey?""",0
219972,219972,"""What languages and frameworks were used to code Dropbox?""","""What languages and frameworks were used to code Udemy's back-end?""",0
102515,102515,"""Are human beings born ignorant?""","""Are human beings born to be mediocre?""",0
127094,127094,"""What are the safety precautions on handling shotguns proposed by the NRA in Utah?""","""What are the safety precautions on handling shotguns proposed by the NRA in Hawaii?""",1
332831,332831,"""How do I write a good comparison essay?""","""How do I write a compare and contrast essay?""",1
361487,361487,"""Can parallel universe exist for real?""","""Are parallel universes real?""",1
210953,210953,"""Can a man ejaculate while receiving anal sex?""","""Can women reach an orgasm from anal sex?""",0
219991,219991,"""How can I cure my disease of act like a ruminant?""","""How can I cure my disease of acting like a ruminant?""",1
288457,288457,"""What is the most difficult lesson to teach?""","""What is the most difficult great lesson to teach?""",1
228424,228424,"""Why are these foods considered junk food?""","""What exactly defines certain foods as junk food?""",0
262527,262527,"""What are some unconventional career options in India?""","""What are the unconventional career options in India?""",1
312417,312417,"""I smoke between 0 and 4 cigarettes per day. How will that affect me?""","""Will smoking one cigarette per day lead to cancer?""",0
220132,220132,"""Is there a way not to get anxious and wound up inside after every bad interaction with people even if it's not your fault?""","""Who is Olivera Despina?""",0
369358,369358,"""Is one sitting degrees valid for every jobs in india?""","""Is there a one year or two year valid degree program for diploma holders in india?""",0
189751,189751,"""My shoe bites the back of my ankle. What should I do?""","""Are Converse shoes comfortable?""",0
149391,149391,"""How can I have confidence in myself?""","""How do I get confidence in myself?""",1
249602,249602,"""How will Clinton's near-collapse at the 9-11 ceremony affect her chances of being elected in November?""","""How seriously will Hillary Clinton's early departure from a 9/11 ceremony affect her campaign?""",1
395028,395028,"""Is there any way to save Quora questions to read offline?""","""How do I save interesting questions and answers on Quora to read later? Is there a 'Reading List' feature?""",0
319477,319477,"""How can one web-scrape a list of celebrities for further processing (preferably with metadata if possible)?""","""How can one web-scrape a list of galaxies for further processing (preferably with metadata if possible)?""",0
378570,378570,"""Time Travel Is It Possible?""","""What is the possibility of time travel becoming a reality?""",1
312146,312146,"""What does it feel like to have sex with someone?""","""What does vaginal sex feel like?""",1
310339,310339,"""What is the objective and method of the role technology in third party logistics services?""","""What is the role of technology to improve third party logistics services?""",1
190687,190687,"""Why is Israel such a big deal to the U.S.?""","""Why does the US support Israel? What benefit does the US get out of this alliance?""",0
220855,220855,"""What is the small dot on the screen of the iPhone 7 Plus?""","""What is the small dot next to phone listening in iPhone 7 Plus?""",1
243164,243164,"""What type of paper are US government writings on?""","""Why do we use paper notes/bills instead of net banking?""",0
147142,147142,"""Why are the art pieces like Royal Red and Blue, Onement VI, or Mirror so expensive? What are the notable things the purchasers have found in those paintings?""","""Who painted The Blue Ophelia and why?""",0
128379,128379,"""What are the top 4 Common features for E-commerce software?""","""What are the Common features for E-commerce software?""",1
220530,220530,"""Which is the best phone to buy in 9k to 12k rupees?""","""Smartphones: What is the best phone to buy below 10k rupees?""",0
213592,213592,"""Is glycine gluten free?""","""Is whey gluten free?""",0
14626,14626,"""1 TB= how many GB?""","""Is it possible to increase phone RAM from 1 GB to 2 GB?""",0
376870,376870,"""What is a nuclear warhead?""","""Could a nuclear warhead be intercepted by another nuclear warhead?""",0
346531,346531,"""How can I download movie free?""","""What are some websites to download movies for free?""",1
350539,350539,"""Which is more important for overall well-being, sleep or exercise?""","""How large are the email lists of major retailers who do email marketing? How many unique customers do major retailers have?""",0
33853,33853,"""Why do people use Quora when we already have google?""","""Why do people ask stupid questions on Quora that could be easily answered by Google?""",1
206685,206685,"""If you have never had long lasting friendships, how do you not let that affect your ability to make new friends?""","""How do you best convey your desire for friendship only to a new friend of the opposite sex?""",0
277284,277284,"""How is glass made transparent with non transparent components?""","""Why is glass transparent?""",0
313130,313130,"""Who is/was the most underrated actor/actress in Bollywood?""","""Which are the most underrated Bollywood actors and actresses?""",1
26233,26233,"""What is the best way to build a credit score?""","""What are some good ways to build your credit when you have none?""",1
52109,52109,"""What is a good solar panel installation provider near Agoura, California CA?""","""What is a good solar panel installation provider near Agoura Hills, California CA?""",0
310238,310238,"""What is the main cause of typhoons?""","""What are typhoons?""",1
222078,222078,"""What is your review of Illinois (state)?""","""How is it for an Indian to live in Olney, Illinois?""",0
364253,364253,"""What could be the reason behind Arnab Goswami quitting Times Now?""","""Why did Arnab Goswami resign from Times Now?""",1
346723,346723,"""What hotel in Kausani Hill-station would be safe for unmarried couples, without the harassment of police, hotel staff, and moral police?""","""What hotel in Binsar Hill-station would be safe for unmarried couples, without the harassment of police, hotel staff, and moral police?""",0
27875,27875,"""What is the best way to get rid of social phobia?""","""How can I get rid of social phobia?""",0
337464,337464,"""How do I prevent my parents from violating my privacy?""","""How do I tell my parents I need more privacy?""",1
98656,98656,"""What you should do to retain your mobile app users?""","""What are the best ways to retain mobile app users?""",1
386816,386816,"""What is the difference between 消失了在我们身边 and 从我们身边消失了?""","""What is the difference between ; and ,?""",0
85502,85502,"""What is the best laptop under 30k?""","""which laptop will be best under Rs 30,000?""",1
63635,63635,"""Why is the sky is blue?""","""Why is the sky blue on Earth?""",1
115697,115697,"""Is it legal for someone to touch you without your permission?""","""Can my adult son legally kick my adult daughter out of my home without my permission?""",0
241567,241567,"""Is it true tat the new 2000 denomination currency has some Nano GPS chip? Or is it a rumour?""","""Is that true 2000 note has embeded with GPS chips?""",1
327,327,"""What is it like to be a private banker?""","""What is like to be a private banker in Switzerland?""",0
320610,320610,"""Now I have tp link wr740n router. How to use that router for BSNL broadband which require adsl socket?""","""Would the average person who gets his health insurance from a full-time job get a higher salary if the U.S. switched to single-payer?""",0
351169,351169,"""How many idioms are there in the English language?""","""How many idioms does an average native English speaker know?""",0
304954,304954,"""How do I create a powerful content in social media and email marketing?""","""In the figure below, square ABCD is inscribed in circle O. if the perimeter of ABCD is 24, what is area of shaded region?""",0
25219,25219,"""Why are Apple's products successful?""","""What is the secret to Apple's success?""",1
189564,189564,"""How do I handle the fear of change?""","""How do I overcome my fear of change?""",1
362339,362339,"""What does it feel like for a woman to have an orgasm?""","""What does it feel like for a woman to have sex with a man with a large penis?""",0
194818,194818,"""How long does crystal meth stay in your system and how can I dilute it?""","""How long does meth stay in your system? If last use was Friday, would it be out by Monday?""",1
257292,257292,"""How long does it take info@ivypark to respond to an email?""","""How long does it take info@ivypark to respond to your email?""",1
249791,249791,"""What are some of the weirdest dreams you've ever had?""","""What are the strangest and most unusual dreams you have ever experienced?""",1
364216,364216,"""How can you hack into somebody's bank account?""","""How can I hack a bank account?""",1
402996,402996,"""Which is the best book for data structures and algorithms for beginers?""","""What are the best books on data structures?""",1
223945,223945,"""Can I use my debit card as credit card on Airbnb?""","""Can you use PayPal funds/credit and a debit card to make a purchase?""",0
358218,358218,"""What is the best way to make money fast?""","""What is the best way to to make money?""",1
365794,365794,"""Which is the best set-top box in India?""","""How do set top box works? Can we hack them?""",0
389405,389405,"""How powerful ISIS really is... Can they launch a full scale attack on any major country?""","""What is stopping the military powers of the world to launch a combined attack and decimate ISIS from the face of the planet?""",0
51207,51207,"""Why is talking to girls online about my fetish easier?""","""Why am I more comfortable talking about my fetish online?""",1
313837,313837,"""What are the best way to learn hacking?""","""Which is the best way to learn hacking just as a hobby?""",1
349661,349661,"""New Jersey is mocked as being the armpit of America. Is this mockery deserved? Why or why not? Is New Jersey ugly?""","""When is it going to start to be warm in New Jersey?""",0
325032,325032,"""How do I graduate high school early? I'm currently a 10th grader.""","""I am a sophomore in high school and I would like to graduate early, what classes do I need to focus on to be able to do so?""",0
311561,311561,"""Who do you think will win the U.S. election in November?""","""Who do you think is going to win the 2016 presidential election?""",1
14930,14930,"""How I can speak English with fluency?""","""How can I learn to speak English fluently?""",1
347424,347424,"""What are some of the primary economic activities?""","""What is primary economic activity?""",1
77833,77833,"""What are news agencies?""","""What is news agency?""",1
63981,63981,"""Will you marry a non virgin girl?""","""Why would you marry a non-virgin?""",1
49926,49926,"""What should I do if I am 16 and pregnant?""","""What can I do if I'm 16 and might be pregnant?""",1
58090,58090,"""Who are the most followed people on Quora? Why do they have so many followers?""","""Who is the most popular writer on Quora?""",1
274492,274492,"""How is it to work at Deloitte?""","""What is it like working for Deloitte?""",1
146488,146488,"""I love video games, but sometimes I need to study. I'm not willing to delete all my games. What do I tell myself so I can get off a game?""","""I have an idea for a game, but I don't know anything about making games. How do I start?""",0
51237,51237,"""Will kik delete messages if I un install the app?""","""Can I read deleted messages kik?""",0
42988,42988,"""What should someone do to overcome anxiety?""","""What should I do to overcome anxiety?""",1
43653,43653,"""How do you spell Quora?""","""How do you spell love?""",0
56373,56373,"""How could I improve my English pronunciation?""","""How could I improve my English?""",1
320413,320413,"""Does a cell phone transmit to a cell tower then to a satellite or straight to a satellite?""","""Why can't we transmit a video signal directly from a satellite to a home with multiple or unlimited channels like a video on demand using a satellite?""",0
343351,343351,"""What is the future of the Aam Aadmi Party?""","""What is the Aam Aadmi Party's future?""",1
142858,142858,"""What are the necessary items to travel for the first time in a domestic flight?""","""What would happen if an airline flight tried to do a barrel roll?""",0
185547,185547,"""Does dark matter interact with dark energy?""","""Why is the dark matter being transformed into dark energy?""",1
386576,386576,"""In C and C++ how can I open an image file like JPEG and read it as a matrix of pixels?""","""Image Processing: I want to read a .jpg file in C. How do I proceed?""",0
135219,135219,"""How do you find the pH of potassium chloride?""","""Can potassium chloride be made at home?""",0
103754,103754,"""How do I make ice cream vodka?""","""What are good ways to make ice cream without sugar?""",0
57338,57338,"""Is 147cm tall for a just turned 10 year old boy? How tall will I be?""","""How well can you predict a child's (adult) height from information about their parents?""",0
171067,171067,"""How can you calculate total revenue and expenses on a financial statement?""","""How can you calculate total revenue on a financial statement?""",0
259827,259827,"""What happens if everything is connected to the Internet?""","""Why does it matter to connect everything to the Internet?""",0
288196,288196,"""Is majoring in economics a good choice?""","""Is economics still a good major choice for the future?""",1
177004,177004,"""How will you conserve the water?""","""What is water conservation?""",0
204788,204788,"""What advice would you give to a new PhD student?""","""Colleges and Universities: What is some general advice for a new PhD student?""",1
283067,283067,"""How can I learn Chinese?""","""How do I learn Mandarin Chinese well?""",1
274143,274143,"""Why do people ask questions on Quora that can easily be answered by Google?""","""Why do people use Quora when we already have google?""",1
107565,107565,"""In TCP connection, the initial sequence number is not '0' (zero). Why?""","""Why are so many of the low TCP port numbers still unassigned?""",0
120775,120775,"""What are some mind-blowing futuristic gadgets that exist that most people don't know about?""","""What are some mind blowing technology gadgets that most people don't know?""",1
145063,145063,"""Where can I find DJs for a club in Sydney?""","""Where can I get best DJs for School Discos in Sydney?""",0
320604,320604,"""Why do I like the scent of my sweat?""","""Why do I love the smell of sweat?""",1
198881,198881,"""What are the causes of homelessness in America?""","""What are the causes of homelessness?""",0
254654,254654,"""What is the best way to hire a content writer for my website?""","""What is the best way to hire content writer for my website?""",1
262518,262518,"""What're some tips for an aspiring science fiction author?""","""What are some tips for an aspiring science fiction author?""",1
251093,251093,"""How does it feel to be the child of a mentally challenged father?""","""How does it feel to have a mentally challenged child?""",0
309293,309293,"""What is best way to learn English speaking?""","""How can you speak and learn fluent English like Karan Johar?""",1
392040,392040,"""What are some good places for couples in mangalore?""","""Is Mangalore a peaceful or violent place?""",0
121731,121731,"""How does banning 500 and 1000 rupee notes help to control black money?""","""How is discontinuing 500 and 1000 rupee note going to put a hold on black money in India?""",1
104953,104953,"""What would happen if there was no Moon?""","""What if there was no moon?""",1
171978,171978,"""Who is the best ENT doctor in Hyderabad?""","""Who are the top ent doctors in Hyderabad?""",1
180632,180632,"""What would you do if you had unlimited power and money?""","""If you had unlimited money and time, what would you do and why?""",1
101698,101698,"""Are there countries where burglary levels have dropped a lot in a short time?""","""Police in the United States make a lot of arrests at traffic stops. How do police in countries like Egypt, India, and Great Britain where there are fewer cars investigate crime?""",0
302873,302873,"""What are the reasons for sucide?""","""What is the reason for sucide?""",0
140354,140354,"""What tricks can be used during public speaking test?""","""How does Extraverted Intuition and Introverted Intuition differ when they approach any situation?""",0
132647,132647,"""What can I do to let guys know I'm a lesbian on the first sight?""","""How do I let people know that I'm a lesbian without directly telling them?""",1
350355,350355,"""What are the things that are important in life?""","""What is the most important thing in life? And why?""",1
356874,356874,"""What is the benefit and side effects of honey for taking diet?""","""What are some mass gainers that have high benefits but no side effects?""",0
333009,333009,"""How did RBI know that Urjit Patel would be RBI governor 6 months before and start printing the 2000 rupee notes with his signature on them?""","""Why does the new 2000 rupee note has a signature of Urjit Patel instead of Raghuram Rajan?""",1
242924,242924,"""What are the repercussions of 500 and 1000 rupee notes not being legal tender anymore?""","""What will be the effects of demonitizing 500 and 1000 rupees notes in Indian economy?""",1
183764,183764,"""What actually is the purpose of life?""","""What purpose do you find in life?""",1
274235,274235,"""How are the job opportunities after a master's in computer science at University at Albany?""","""How is Australia for doing a Master's in Computer Science? How are the job opportunities in Australia after MS?""",0
236234,236234,"""I lost my Jio barcode how can I regenerate?""","""I lost my Jio barcode after I updated my phone's software. What to do?""",0
198462,198462,"""How did you become a Data Scientist?""","""How can I become a data scientist?""",0
191963,191963,"""How can I stop being paranoid?""","""How can I stop being so paranoid over everything?""",1
404019,404019,"""Which phone should I buy under 15k?""","""Which phone is best to buy under 15k?""",1
31573,31573,"""Since Torbox.net is not accessible now, are there any alternatives?""","""How come I'm not able to access any torrents online?""",0
219016,219016,"""What are some new year resolutions for 2017?""","""What's your resolutions for 2017?""",1
56708,56708,"""FIITJEE or Resonance: Which is better? Why?""","""Which coaching is good Resonance or FIITJEE in Delhi? Why?""",1
196399,196399,"""What makes a good software development manager?""","""How do we find good software developers?""",0
102018,102018,"""What's the best strategy to start up a cafe?""","""What is the best way to start a café?""",1
113211,113211,"""What is an example of a textbook synopsis of pathophysiology of pneumonia?""","""What is an example of a textbook synopsis of the pathophysiology of pneumonia?""",1
23630,23630,"""Why USA was top in olympics?""","""What's it like to work at Wabash National for your first job?""",0
180476,180476,"""Will Mike Pence becomes president after the impeachment of Trump?""","""Can Donald Trump back out before the inauguration? If yes, does Mike Pence become the president?""",0
259359,259359,"""What are some major social faux pas to avoid when visiting Iraq?""","""What are some major social faux pas to avoid when visiting Angola?""",0
115790,115790,"""Is boyhood a great movie?""","""What is the significance of Miller indices?""",0
385088,385088,"""Is it worth buying a refurbished Lenovo Ideapad Y510p for 52000Rs. now?""","""Which is a better buy: the Lenovo Y50-70 or the Y510p?""",0
151592,151592,"""How do I get a programming job?""","""Getting a programming job?""",1
162093,162093,"""How is a multi-engine plane controlled, and stopped from entering an immediate spin, in the event of an engine failure?""","""Should I give JEE again and change my college and branch from mechanical to CSE after my first year?""",0
35725,35725,"""What are chemical properties?""","""What are the chemical properties of a table?""",0
355891,355891,"""What's the one thing you wish you had done in your 20s?""","""What one thing do you wish you had known about life when you were in your 20s?""",0
254183,254183,"""My penis is bent downwards. Is this alright?""","""Is downward bent penis bad for sex?""",1
77927,77927,"""How did the tradition of putting candles on a birthday cake originate?""","""Why do we put candles on top of birthday cake?""",1
223393,223393,"""How is a raven like a writing desk?""","""Why is a raven like a writing desk?""",1
237243,237243,"""What's something men do that women find cute?""","""What do women perceive as sexy in men?""",0
381207,381207,"""How can companies in India sell private equity to investors without going public, without going to VCs and breaking the law? What are the rules- laws to sell private equity in India?""","""How can companies in India sell private equity to investors without going public and breaking the law? What are the rules- laws to sell private equity in India?What is the equivalent of accredited investor in India?""",1
397318,397318,"""How can I see who viewed my Instagram videos?""","""How do l see who viewed my videos on Instagram?""",1
291330,291330,"""How should I prepare for English in CLAT?""","""How do I prepare English for CLAT?""",1
199056,199056,"""What do you do to make yourself happy again?""","""What should i do to make myself happy again?""",1
24017,24017,"""What is the best romance anime?""","""What are some of the best anime romances?""",1
234904,234904,"""Stock Options Vs. Restricted Stock (or Other)?""","""How do restricted stocks and stock options differ?""",1
162677,162677,"""What are some slang terms concerning guitars?""","""What is a slang term for newspaper?""",0
207489,207489,"""If I used meth Thursday night, and I have a drug test the following Tuesday evening will it show positive?""","""Can meth be detected in a urine test if last used was Thursday night and the test was tuesday morning?""",1
284393,284393,"""Why do we, as human beings, use water for?""","""What do we use water for?""",1
394020,394020,"""What are the details of Jose Contreras' Coding House review?""","""What is your review of Coding Ninjas?""",0
31915,31915,"""Why doesn't the ACLU defend the 2nd Amendment?""","""What's the ACLU been up to?""",0
130843,130843,"""How will our ageing population provide opportunities?""","""What was happened with Mayawati in UP guest house in 1995?""",0
251603,251603,"""Which is the best QuickBooks error support number?""","""Which is the best QuickBooks Tech Support Number in North Dakota?""",1
156858,156858,"""What is the first thing you would do if you woke up as the opposite sex?""","""What would you do if you woke up tomorrow blind and deaf?""",0
190664,190664,"""Are there more beautiful woman than men or the other way arround? Why?""","""Are Malayali girls more beautiful than others? Why do most people say so?""",0
279991,279991,"""Super Smash Bros. Brawl: What is the best strategy against Sheik?""","""Super Smash Bros. Brawl: What is the best Sheik strategy?""",1
359969,359969,"""What is the best way to self motivate myself?""","""How can I motivate myself?""",1
338908,338908,"""Who was the greatest warrior in Mahabharat, Karna or Bhishma Pitamah?""","""Why did Bhishma alienate Karna from the War? """,0
143694,143694,"""What are the biggest misconceptions about Indian chartered accountants?""","""What are some misconceptions about Chartered Accountants in society?""",1
230073,230073,"""How can you determine the molecular mass of ammonium?""","""How is the mass of ammonium determined?""",0
348437,348437,"""Can we time travel?""","""Can time travel ever be possible?""",1
154470,154470,"""How do I recover my Gmail account password?""","""How can I recover my Gmail account password?""",1
385731,385731,"""How often do you come up with business ideas?""","""How do I come up with good business ideas?""",0
355705,355705,"""Don’t you think it is not a good decision by the honorable Supreme Court to play the national anthem at cinema halls?""","""What do you think of Supreme Court's decision of playing National Anthem in all cinemas?""",1
88845,88845,"""What is a good drama series to help with learning Mandarin Chinese?""","""What are the best resources for learning Chinese (Mandarin) and how can I become a competent speaker, reader and writer of the Chinese language?""",0
150286,150286,"""Why did high school suck for you?""","""Why high school sucks? From a student perceptive""",1
316833,316833,"""Are there any superhero groups that formed specifically for taking down extraterrestrial threats to the planet in their respective comic universes?""","""Find me a place where I can join gigolo job for extra earning?""",0
353773,353773,"""What is Srinatha Mahakavi known for?""","""Who is Srinatha Mahakavi?""",0
397837,397837,"""What is my puk code?""","""How do I find the PUK code my LG TacFone?""",1
2069,2069,"""How do I improve at drawing?""","""How do you improve your drawing?""",1
251364,251364,"""What are benefits of learning Android?""","""What are the benefits of learning Android?""",1
326963,326963,"""How can I find all of my Gmail accounts that I ever set up?""","""How do I find my own gmail accounts list?""",1
328914,328914,"""Which are the best courses offered by IIMs?""","""What are the courses offered by the IIMs?""",1
266775,266775,"""What are you going to do now that Trump has won the US presidential election?""","""What should I do now since Trump won?""",1
240030,240030,"""What is vertical circular motion?""","""What is circular motion?""",0
322942,322942,"""Can black Americans and white Americans end both of their privilege which is tearing the USA apart?""","""Is American Sniper proof that white culture is more dangerous than black culture after all the whites taught blacks?""",0
213276,213276,"""What is the import tax rate of mobile phone in Nepal?""","""Which mobile phone will I get at a rate cheaper in Singapore than in India?""",0
202107,202107,"""What is the mistletoe made of? How did it become so traditional for Christmas?""","""What is the origin of mistletoe and how did it become a Christmas tradition?""",1
62984,62984,"""How do you make pancakes?""","""Can you make pancakes without flour?""",0
227823,227823,"""How is the career for linux adminstrator?""","""How is career for a linux adminstrator?""",1
322329,322329,"""Can witches fly on brooms?""","""Do witches fly on brooms at night?""",1
381385,381385,"""Ernest W. Adams: Why do you seem to disable the comments on all your answers?""","""I feel like killing myself.?""",0
171552,171552,"""Is there a condition that is the opposite of Kleptomania?""","""What is the difference between kleptomania and shoplifting?""",0
77232,77232,"""What are the earnings of a beer shop owner in india?""","""What are the earnings of a liquor shop owner in india?""",0
109643,109643,"""Does Facebook have its own intranet like Google Moma?""","""How do I act around my brother's college freshmen friends and my sister who's a senior in HS?""",0
267219,267219,"""How many bank employees going to retaired in banking industory in 2019?""","""I have an aggregate of 61% and got 320 in GRE and want to pursue MS in Computer Science. What are good universities I can try for?""",0
137674,137674,"""How can I stop my porn addiction?""","""What is the most effective way to break a porn addiction?""",1
390254,390254,"""I have a 70 in my enginnering I like to do M.S- Industrial Enginnering in Germany?""","""What kind of questions are asked in TresVista's HR round?""",0
20770,20770,"""What is the mean angular momentum?""","""What is the meaning of angular momentum?""",1
100149,100149,"""Do you think building a wall in berlin is an effective way to establish a nation?""","""Are you an aspiring entrepreneur or a future corporate? Do you have a good business idea but need a plan to execute it? Not sure how to make use of your entrepreneurial and leadership skills in an effective way?""",0
250539,250539,"""What gives seed onions their color?""","""If People of color have Melanin and non people of color don't, what is seed clouding to cool off the earth going to do to Melanin people?""",0
117162,117162,"""Can you get rich from the stock market?""","""How I could become rich from stock markets?""",1
169058,169058,"""How can I hack the others Facebook account?""","""How can I hack Facebook?""",1
382053,382053,"""Is working so hard worth it?""","""Is working hard worth it?""",1
251740,251740,"""How does one start writing essays?""","""How do I get good at writing essays?""",1
337476,337476,"""Should people over 100 not be allowed to vote?""","""Should people over 96 not be allowed to vote?""",1
393951,393951,"""How can a python's bite be a serious concern when they're not poisonous?""","""Is that true that some people are poisonous? If yes, then if they bite us, can we really die?""",0
1961,1961,"""How do I concentrate better in my studies?""","""How can I can concentrate well in studies?""",1
310205,310205,"""What is the best timepass when there is no electricity in daytime and in night time?""","""What's the best time to sleep at night?""",0
297033,297033,"""What are good ways to use Social Media in SEO?""","""How do you use social media?""",0
302825,302825,"""How do I hack WhatsApp remotely?""","""It is possible to hack whatsapp messages?""",1
208980,208980,"""What will happen if India and Pakistan United?""","""What would happen if India and Pakistan merged?""",1
56284,56284,"""How does the distance between the two glasses in polarization by reflection affect the polarization?""","""Is there any way to skip Airtel < 5₹ Multilingual notification while calling?""",0
364089,364089,"""How does IRCTC (Indian Railways) reservation system work? Which takes priority in moving up between tatkal quota WL and normal WL? What all scenarios get considered in final charts? Any idea about algorithms used in system?""","""I have booked ticket through IRCTC tatkal system but my ticket is on TWQL 125 and now is WL82. Is there any chance to get it confirmed?""",0
331456,331456,"""Is the decline of e-wallets inevitable after the introduction of UPI in India?""","""Will Unified Payment Interface (UPI) in India will be a big blow to online payment solutions like Paytm, PayU etc.?""",0
67900,67900,"""How many YouTube subscribers do you need to start earning money?""","""How much does YouTube pay per subscriber?""",0
245296,245296,"""I'm 13 and I like this 16 year old boy and he likes me. Is it okay for us to go out?""","""I'm only 29 years old and I feel like life isn't for me. I have no desire to live anymore. How normal is this?""",0
350256,350256,"""If you want to skip the step of preheating an oven, then how much time should you add to the estimated cooking time given the cooking while warming up is less than at the specified heat level?""","""What is cooking time for pork?""",0
167869,167869,"""What were the major effects of the cambodia earthquake, and how do these effects compare to the Sohei earthquake in 1361?""","""What were the major effects of the cambodia earthquake, and how do these effects compare to other earthquakes?""",1
102139,102139,"""What is refrigerant?""","""What is refrigeration?""",0
258224,258224,"""Are there any universities that teach film production to people who have no filmmaking experience?""","""Are there any billionaires out there who want to save polaroid pack-style film that was recently discontinued by Fuji?""",0
318691,318691,"""What are 13.1 and 26.2 stickers and what do they mean?""","""How were stickers invented and by whom?""",0
389029,389029,"""How are bridges built over water?""","""What safety factor is used for bridge constructions which are built as transit roads or highways? Is it as high as 10 or as low as 3?""",0
12654,12654,"""Who was the most corrupt pope in the history of Catholicism?""","""Catholicism: What were the worst crimes committed by Popes?""",0
73241,73241,"""Why do Quora users write answers in comments to other answers?""","""Why do people write their own answers as a comment and not realize it?""",0
4978,4978,"""What is the difference between a monarch, an emperor, and a dictator?""","""What is the difference between monarch and monarchy?""",0
32669,32669,"""Which are the most inspiring autobiographies?""","""What are some inspiring autobiographies?""",1
33258,33258,"""How many shopping malls in US with over 50 retailers?""","""How many shopping malls are there in the US with over 50 retailers?""",1
120012,120012,"""While downloading bluestacks, a message pops up that reads, this application requires at lease 2 gb of physical memory. What should I do?""","""What does it mean when BlueStacks says, This application requires at least 2GB of physical memory while installing it?""",1
367059,367059,"""What are the best laptops for developers?""","""What's the best laptop for a web developer?""",0
196372,196372,"""When is the new MacBook Pro rumored to release?""","""When will Apple launch new MacBook Pro? Is it in 2016?""",1
205431,205431,"""How do politics affect share market?""","""How do politics affect the financial markets?""",1
24518,24518,"""Has anyone used Revista CMS?""","""What CMS do you use and why?""",0
238894,238894,"""Which is the best hindi movie in 2016?""","""What is your favorite Bollywood movie in 2016?""",1
390271,390271,"""What does it mean to be a writer?""","""Who has more power: the writer or the reader? Who constructs meaning?""",0
402103,402103,"""Did Trump win the election?""","""Do you think Trump could win the presidency?""",1
173772,173772,"""What does designation mean on a form?""","""What does a designer means to you?""",0
291504,291504,"""Emerging topic for research in production?""","""What are the applications of electronic timers?""",0
39556,39556,"""Who is the most racist person in the world?""","""What are the most memorable one-liners in U.S. political history?""",0
5733,5733,"""What would be the effect of towing our nuclear waste into the middle of the ocean and sinking it into one of the deeper trenches?""","""If a nuclear reactor dropped in the ocean does practically nothing to harm the environment, why not just dump all radioactive waste in the ocean?""",0
13458,13458,"""How can I find out if someone is gay?""","""How do you find out whether a hot guy is gay?""",1
218407,218407,"""Is scrapping Rs.500 and Rs.1000 currency notes to fight black money and corruption a good decision or a bad decision?""","""Will the scrapping of currency notes in India really affect the people with the black money?""",1
236630,236630,"""Are radiation and heat always together?""","""What is the relationship between heat and radiation? Why does more radiation mean more heat?""",1
105151,105151,"""What are things that people demand or want to be reciprocated that shouldn't be?""","""How do you focus on one topic for so long?""",0
72814,72814,"""How can I make the world a better place today?""","""How can an ordinary person make the world a better place?""",1
146899,146899,"""Are/were mermaids/mermen real?""","""Are maremaids real?""",1
255323,255323,"""Why do South Indian & Tamil movies have a fast beating song where a dusty group of people dance aggressively along with the actor/actress?""","""Why is it that in South Indian movies, actresses try to impress heroes, unlike in Bollywood where the hero impresses the heroine (if we exclude movies like Sarfarosh)?""",0
168275,168275,"""What are some tips on making it through the job interview process at Consolidated Communications?""","""What are some tips on making it through the job interview process at Consolidated Water?""",0
392819,392819,"""What is the best option trading strategy?""","""What are the best options trading strategies? How are they executed?""",1
82258,82258,"""What is the expected cutoff for the KVPY 2016?""","""How was the KVPY SA 2016? What is the expected cutoff?""",1
74380,74380,"""Can weed be legalized in India?""","""Should weed be legal in India?""",0
368726,368726,"""What soccer team can I join in South Texas (14 years old)?""","""When and where would there be trials for a soccer team (14 years old) in south Texas?""",0
108408,108408,"""Roman Empire: What would the world be like today if Rome had never fallen?""","""Which Holy Roman emperors had the most authority over the members of the Holy Roman Empire?""",0
199502,199502,"""What would you do if you had an unlimited source of wealth?""","""If you had an unlimited amount of money, what would you do with your life?""",1
262190,262190,"""Why are some regions more earthquake-prone than others?""","""Why are some areas of the world more prone to earthquakes than others?""",1
313327,313327,"""How does it feel to fall out of love?""","""How does one simply fall out of love?""",1
189582,189582,"""I want to be a hacker. What should I know and from where should I start?""","""I want to learn hacking from where should I start?""",1
230438,230438,"""Can you really see who viewed your profile on Facebook?""","""How do you see who views my Facebook?""",1
182901,182901,"""What are some sayings from Mickey Mouse Clubhouse?""","""How do I find the area of the face of Mickey Mouse or more generally, one face of a stone?""",0
312997,312997,"""What do you think about the Indian Government policy of not circulating INR 500 and INR 1000?""","""What do you think of the decision by the Indian Government to demonetize 500 and 1000 rupee notes?""",1
302112,302112,"""What does Shakespeare mean by 'A little more than kin, and less than kind'?""","""Why are people less literate than Shakespeare if there was less printed literature in the 1500/1600s?""",0
287434,287434,"""Where and how can I learn Hebrew in Delhi?""","""Where can I learn Hebrew in Delhi?""",1
61909,61909,"""How much money does an Olacab or Uber driver make in India?""","""How much money can a Uber/Ola driver make in Pune in one month?""",0
244105,244105,"""What is the least painful way for suicide?""","""What is the least painful and best way to commit suicide?""",1
32684,32684,"""How close are we (or not close) right now to World War 3?""","""Why World War III are inevitable?""",1
52010,52010,"""Catholics: how do I stop watching internet porn?""","""How do I stop masturbating/watching porn? I can't/don't masturbate without watching porn.""",1
211096,211096,"""What will be the biggest achievement of science?""","""What would be your biggest achievement?""",0
21000,21000,"""What is the national language of morocco?""","""What is the national language of Belgium?""",0
367275,367275,"""Why do Hindus believe in reincarnation?""","""What do Hindus believe in?""",0
38117,38117,"""How do I make cookies?""","""What's the easiest way to make cookies?""",1
38222,38222,"""What are the conditions for a company to get its name on Wikipedia?""","""What's the best way to get your company listed on Wikipedia?""",1
272338,272338,"""What is the most simplest solution to the ongoing financial crisis in USA, EU & Japan?""","""I20 financial documents?""",0
233858,233858,"""Why is laser more monochromatic than ordinary light?""","""Why is a laser more coherent and more monochromatic than ordinary light?""",1
292943,292943,"""Which bank gives you the best interest?""","""Which bank gives best interest rates?""",1
93342,93342,"""Can catalyst reduce fuel cosumption?""","""Can catalyst reduce fuel consumption?""",1
238961,238961,"""So I went 2 months with no period and decided to take a dollar pregnancy test. It came out negative but the same day my period came on. Could that period make the test negative?""","""Can I be pregnant even after having a period?""",0
117538,117538,"""How do I get in off campus placements and what should I do for it?""","""How do I get off campus placement?""",1
267553,267553,"""What are the effects on an adult male who grew up without a clear mother figure?""","""Why is it the mother's fault in the case of an adult with psychological traumas and flaws?""",0
294877,294877,"""What happen if earth stop rotating but revolves around the sun?""","""What would happen if the Earth stopped rotating?""",0
324341,324341,"""I always want to lick my girlfriend's pussy, but she gets wet very quickly and after that liquid comes from her vagina. Because of this, her pussy smells bad and has a salty taste. What should I do?""","""I had a girlfriend. She broke up with me because of a simple reason. I love her and want to get her. How do I get her back in my life?""",0
211772,211772,"""How should I rent out my condo in San Francisco? What leasing agents are good? How do I know they can comp the SF rent well?""","""How do I get the big companies to lease/rent my land for their fulfillment centers in India?""",0
119398,119398,"""Why does Olympic Athletes Bite their Medals While Posing For Photographs?""","""Why do winners bite their medals and trophies?""",1
259060,259060,"""Do burglars really avoid houses with dogs?""","""What can I do to avoid getting a dog ?""",0
241472,241472,"""Why do big cats like catnip? What effect does it have on them?""","""I am an NRI and looking for a website which provide complete information for Indians who lived in the USA?""",0
126153,126153,"""Was Navjot Singh Sidhu banned from international Cricket Commentary?""","""Why was Navjot Singh Sidhu banned from international Cricket Commentary?""",1
212026,212026,"""Would I still be eligible for college football if I play semi pro in highschool?""","""What are some things that people who have played college/pro football notice/see when watching an NFL game that most people do not?""",0
169618,169618,"""Does EVERYONE with OCD have that popular OCD symptom and obsession of symmetry, order, organization and exactness?""","""Does EVERYONE with OCD have that popular OCD symptom and obsession of symmetry, order, organization and, exactness?""",1
363078,363078,"""What is the end of the film Masaan?""","""What are the best dialogues from the movie Masaan?""",0
198118,198118,"""How does it feel to love someone?""","""How does it feel not to love someone knowing that they truly love you?""",0
38166,38166,"""Smoking: What should I answer to someone when they ask me “Do you smoke?”. I smoke weed occasionally?""","""Has anyone ever died from smoking marijuana?""",0
172213,172213,"""Which is the best ICSE School in Chennai?""","""What are the best ICSE schools in Chennai?""",1
75231,75231,"""How much time (maximum) does Accenture take to give joining after final selection?""","""Accenture: How much time does it take between the interview and joining?""",1
399200,399200,"""Who are some lesser known important historical figures of Togo and what should people know about them?""","""Who are some lesser known important historical figures of Austria and what should people know about them?""",0
87166,87166,"""Are some languages more complex than others?""","""As an international language, is Esperanto a bit more overly complicated than others, like Ido, for its accusative?""",0
366356,366356,"""Who is the best Call of Duty player in the world? How did they get so good?""","""How do I get my Call of Duty 4 level back after I reset my PC?""",0
243040,243040,"""What is green bean coffee?""","""What are green coffee beans?""",0
290096,290096,"""How do I know if I know myself completely?""","""How can you be yourself when you don't know yourself?""",0
104050,104050,"""Why do dogs bark at night in India?""","""Why dogs bark more at nights?""",1
73856,73856,"""Are there any legit sites like DLH.net, that give away free Steam game keys?""","""Do free games make money on steam? How? If so how much?""",0
247494,247494,"""What weapons were mostly used in World War One?""","""What was the most efficient weapon used in World War I and why?""",0
199615,199615,"""What are the most hopeful candidates for a propulsion system/method which would allow interstellar travel?""","""What forms of propulsion offer the most promise for Interstellar spaceflight?""",0
191235,191235,"""What is the best certification course to learn digital marketing?""","""Which is best digital marketing course?""",1
84183,84183,"""Which are some of the best metal covers of songs of other genres?""","""Can you think of some great metal covers of non metal songs?""",1
135139,135139,"""What is the property tax rate in Granville, Ohio? How is it compared to the one of California?""","""What is the property tax rate in Granville, Ohio? How is it compared to the one of Colorado?""",0
105646,105646,"""What database does New Relic Insights use?""","""What is the database that is used for a project without having admin?""",0
139489,139489,"""How can I recover deleted chat from Facebook?""","""How do I recover deleted app data from iOS?""",0
94771,94771,"""How do you train a Beagle/Pointer mix to track a scent?""","""How do you train dogs to track smells?""",1
169511,169511,"""How can I be more focused?""","""How do I be more focused?""",1
309822,309822,"""Can Plan B be taken twice in one week?""","""Is there any other animal on land with as many varieties in looks, color, shape and size as dogs?""",0
14521,14521,"""Is my poem any good?""","""Is this poem good?""",0
351683,351683,"""Are a Scorpio man and a Gemini woman compatible?""","""What is the compatibility of a Scorpio man and a Gemini woman?""",1
30777,30777,"""Any recommended tennis racquets for someone with mild tennis elbow?""","""Can we carry tennis racquets in a flight to the US? Do airlines charge extra for carrying them?""",0
268837,268837,"""Who is currently the most famous person alive? Who is in the top 10?""","""Who is the most famous person in india ever?""",0
322939,322939,"""What is ultimate purpose of life?""","""What do you feel is your purpose in life?""",1
127311,127311,"""How much sleep is required?""","""How many hours of deep sleep (delta wave portion) does an average adult need, per day?""",0
123724,123724,"""What is the Sahara, and how do the average temperatures there compare to the ones in the Antarctica?""","""What is the Sahara, and how do the average temperatures there compare to the ones in the Simpson Desert?""",1
212975,212975,"""What is the strangest food you have ever eaten and did you enjoy it?""","""What was the strangest food you have ever eaten?""",1
147207,147207,"""What universities does Ring Energy recruit new grads from? What majors are they looking for?""","""What universities does CenterPoint Energy recruit new grads from? What majors are they looking for?""",0
258661,258661,"""How is the chemical formula for zinc chloride and ammonium sulfide determined?""","""How can you determine the chemical formula for zinc acetate?""",0
374793,374793,"""Do dreams have meanings?""","""Does every dreams have a meaning?""",1
164608,164608,"""What is the dark side of you?""","""What is the dark side of Facebook?""",0
283040,283040,"""Who are your favorite Quorans?""","""Who are some of your favorite Quorans and why?""",1
348246,348246,"""Do most students who do a study abroad in the U.S.A end up staying? When I go there for my masters how easy is it to finish my education at a top school, get a job and end up staying like everyone else?""","""Is a student who sucked in High School but ended up being a top PhD student in a top school a misunderstood genius?""",0
359652,359652,"""What is the importance of money in ones life?""","""How important is money in life?""",1
219312,219312,"""Which are some good websites for downloading free English songs?""","""How can I download English songs for free?""",0
245669,245669,"""What was the pilot where Andy Samberg, Akiva Schaffer, and Jorma Taccone initially piloted The Lonely Island?""","""Which actress plays Andy Samberg's girlfriend in The Lonely Island's video Threw it on the Ground?""",0
27991,27991,"""Why has the U.S. president kept quiet after Philippine President taught him what is the human right in Laos?""","""U.S. Presidential Powers: Does President Obama claim the right to assassinate an American citizen who has not been charged with a specific crime?""",0
129731,129731,"""What are metallurgical and materials science engineering job prospects in india?""","""What is the job prospectus for a metallurgical engineer?""",1
76365,76365,"""When will we be able to travel to Mars?""","""When will people be able to live on Mars?""",1
244353,244353,"""Why can’t I fall in love?""","""How does one fall in love?""",0
70265,70265,"""Is Ryan Reynolds the only actor to act in both DC and Marvel movies?""","""Which is better - DC or Marvel?""",0
268600,268600,"""What is the difference between Dolby Atmos sound system and Aurora 3d sound system?""","""Is there a car with a sound system with DTS X?""",0
43106,43106,"""How should I respond to a black woman who told me those people (white people) were responsible for apartheid in South Africa?""","""Is there a way to send tweets to those people who are not following you?""",0
214650,214650,"""What are some unexpected things first-time visitors to Mongolia notice?""","""What are some unexpected things first-time visitors to Vietnam notice?""",0
42747,42747,"""What is the best way to tell bad news to your parents?""","""What is the best way to tell an employee some bad news?""",0
156043,156043,"""What are the safety precautions on handling shotguns proposed by the NRA in Washington?""","""What are the safety precautions on handling shotguns proposed by the NRA in New Jersey?""",1
19814,19814,"""Why can't humans ever stay perfectly still?""","""Why can't human keep still?""",1
22946,22946,"""What are the main components of BigData?""","""What are the main components of a cologne?""",0
21051,21051,"""Which is the best book to understand black holes?""","""What are some good books on black holes?""",1
324663,324663,"""Is Theory of Everything by Albert Einstein exist?""","""What happened to Albert Einstein's theory of everything?""",1
63749,63749,"""Do men like giving oral sex to women?""","""Do men like to give women oral sex?""",1
309207,309207,"""Did Paul McCartney die and get replaced?""","""Is it definitively true that Sir Paul McCartney died in 1966?""",1
165198,165198,"""How do lose weight with healthy way?""","""How can I lose weight safely?""",1
91324,91324,"""What are the differences between software architecture and software engineering?""","""What is the difference between software engineering and software architecture?""",1
26535,26535,"""What are the most effective methods of improving your reading speed as well as comprehension?""","""How do I increase the speed of reading skills without compromising on comprehension?""",1
378417,378417,"""How can an unarmed man defend himself against a large vicious attacking dog?""","""How can one defend oneself against an aggressive dog?""",1
190141,190141,"""Can eating a lot of corn cause constipation? Why or why not?""","""How can eating corn or corn products make you constipated?""",1
262829,262829,"""Is computer science hard?""","""Is learning computer science hard?""",1
148306,148306,"""How do you earn money from internet?""","""How can I earn money easily online?""",1
161599,161599,"""How do I get an adequate knowledge of the share market?""","""How can I get complete knowledge about the stock/share market (India)?""",1
35439,35439,"""Is milk bad for health?""","""Is cows milk bad for your health?""",1
129194,129194,"""Is gasoline a homogeneous mixture?""","""Is gasoline homogeneous or heterogeneous?""",1
258537,258537,"""What does ISIS really want?""","""What does ISIS want to accomplish?""",1
366146,366146,"""What's a cap table?""","""What does the cap table of Twitter look like?""",0
201549,201549,"""Can men be feminists? How can they help?""","""Can men be the allies for feminist moments?""",0
77911,77911,"""Do we need to submit bank certificate while applying to universities for MS in US?""","""How much is the weightage of having certificates on trainings and projects while applying for an MS in US universities?""",0
147506,147506,"""What's the difference between a secret admirer and a stalker?""","""What are the qualities and traits of the person you admire the most?""",0
